complaint_id,date_received,product,issue,company,state,submitted_via,timely_response,company_response,consumer_disputed
1,2024-03-06,Consumer loan,Incorrect information,Capital Trust,NC,Web,No,In progress,No
2,2025-07-18,Debt collection,Unexpected fees,Horizon Finance,NJ,Web,Yes,Closed with explanation,No
3,2025-04-22,Checking account,Payment processing,Union Lending,IL,Web,Yes,Closed with explanation,No
4,2024-11-16,Checking account,Incorrect information,Metro Credit,FL,Phone,Yes,Closed with explanation,No
5,2024-11-12,Debt collection,Communication,Capital Trust,GA,Web,No,In progress,No
6,2025-09-18,Mortgage,Incorrect information,North Bank,IL,Web,Yes,Closed with explanation,No
7,2024-03-03,Consumer loan,Payment processing,Metro Credit,NC,Web,Yes,Closed with explanation,No
8,2025-05-24,Checking account,Payment processing,Capital Trust,TX,Postal mail,Yes,Closed with explanation,No
9,2024-05-27,Credit card,Communication,Horizon Finance,CA,Web,Yes,Closed with explanation,No
10,2024-03-09,Consumer loan,Payment processing,North Bank,TX,Web,Yes,Closed with explanation,No
11,2025-01-19,Credit card,Account access,Horizon Finance,TX,Web,Yes,Closed with explanation,No
12,2025-12-13,Credit card,Payment processing,Metro Credit,GA,Web,Yes,Closed with explanation,No
13,2025-06-21,Mortgage,Unexpected fees,Horizon Finance,TX,Phone,Yes,Closed with explanation,Yes
14,2025-07-09,Consumer loan,Account access,Metro Credit,TX,Phone,Yes,Closed with explanation,No
15,2025-06-07,Debt collection,Communication,Metro Credit,NY,Web,No,In progress,No
16,2025-07-27,Checking account,Incorrect information,Capital Trust,NJ,Referral,Yes,Closed with explanation,No
17,2025-01-09,Credit card,Unexpected fees,North Bank,NY,Web,Yes,Closed with explanation,No
18,2024-04-03,Debt collection,Incorrect information,Union Lending,FL,Referral,Yes,Closed with explanation,No
19,2025-09-05,Credit card,Account access,North Bank,FL,Web,Yes,Closed with explanation,No
20,2024-11-24,Credit card,Payment processing,Horizon Finance,NJ,Web,Yes,Closed with explanation,Yes
21,2024-12-31,Checking account,Incorrect information,Union Lending,NY,Referral,Yes,Closed with explanation,Yes
22,2024-09-27,Mortgage,Account access,Capital Trust,FL,Referral,Yes,Closed with explanation,No
23,2024-05-13,Debt collection,Account access,Metro Credit,NJ,Phone,Yes,Closed with explanation,No
24,2025-11-07,Consumer loan,Payment processing,North Bank,FL,Phone,Yes,Closed with explanation,No
25,2025-07-24,Consumer loan,Unexpected fees,Union Lending,FL,Phone,Yes,Closed with explanation,No
26,2025-04-15,Credit card,Incorrect information,Capital Trust,NJ,Phone,Yes,Closed with explanation,No
27,2024-10-20,Checking account,Incorrect information,Horizon Finance,FL,Web,Yes,Closed with explanation,No
28,2025-08-23,Checking account,Account access,North Bank,IL,Web,Yes,Closed with explanation,No
29,2025-02-02,Credit card,Account access,Horizon Finance,GA,Phone,Yes,Closed with explanation,No
30,2024-11-19,Checking account,Communication,Metro Credit,TX,Web,Yes,Closed with explanation,No
31,2024-11-24,Checking account,Account access,Horizon Finance,TX,Referral,Yes,Closed with explanation,No
32,2024-06-14,Credit card,Incorrect information,North Bank,NJ,Web,Yes,Closed with explanation,Yes
33,2024-03-08,Mortgage,Payment processing,Metro Credit,FL,Web,Yes,Closed with explanation,No
34,2025-02-08,Consumer loan,Incorrect information,Capital Trust,FL,Web,Yes,Closed with explanation,Yes
35,2025-10-10,Credit card,Unexpected fees,North Bank,IL,Referral,Yes,Closed with explanation,No
36,2024-02-16,Checking account,Payment processing,Capital Trust,CA,Web,Yes,Closed with explanation,No
37,2025-09-18,Consumer loan,Unexpected fees,Horizon Finance,CA,Referral,Yes,Closed with explanation,No
38,2025-08-27,Consumer loan,Account access,Horizon Finance,NY,Web,Yes,Closed with explanation,No
39,2024-07-21,Debt collection,Account access,Capital Trust,NC,Web,No,In progress,Yes
40,2025-04-06,Checking account,Communication,Metro Credit,IL,Phone,Yes,Closed with explanation,No
41,2024-04-30,Debt collection,Unexpected fees,Capital Trust,IL,Web,No,In progress,No
42,2025-07-07,Credit card,Communication,Metro Credit,IL,Referral,No,In progress,No
43,2025-05-26,Checking account,Payment processing,Metro Credit,NJ,Web,Yes,Closed with explanation,No
44,2024-09-15,Credit card,Payment processing,Horizon Finance,NJ,Web,Yes,Closed with explanation,No
45,2024-02-19,Checking account,Incorrect information,Union Lending,CA,Web,Yes,Closed with explanation,No
46,2025-12-09,Checking account,Incorrect information,Metro Credit,IL,Referral,Yes,Closed with explanation,No
47,2024-11-21,Credit card,Payment processing,Union Lending,IL,Web,Yes,Closed with explanation,No
48,2025-10-13,Consumer loan,Account access,North Bank,TX,Web,Yes,Closed with explanation,Yes
49,2025-05-09,Checking account,Unexpected fees,Union Lending,NC,Web,Yes,Closed with explanation,No
50,2025-07-22,Checking account,Communication,Union Lending,FL,Postal mail,Yes,Closed with explanation,Yes
51,2025-07-08,Credit card,Unexpected fees,Horizon Finance,NJ,Referral,No,In progress,No
52,2024-05-22,Checking account,Account access,Union Lending,CA,Referral,Yes,Closed with explanation,No
53,2024-09-22,Checking account,Payment processing,Union Lending,IL,Web,No,In progress,Yes
54,2024-12-06,Checking account,Communication,Capital Trust,GA,Web,Yes,Closed with explanation,No
55,2024-12-29,Credit card,Communication,Metro Credit,IL,Referral,Yes,Closed with explanation,No
56,2024-02-01,Consumer loan,Payment processing,Horizon Finance,CA,Referral,Yes,Closed with explanation,No
57,2025-02-02,Debt collection,Incorrect information,Horizon Finance,CA,Phone,Yes,Closed with explanation,No
58,2024-04-22,Mortgage,Incorrect information,Metro Credit,IL,Phone,Yes,Closed with explanation,No
59,2025-06-26,Mortgage,Payment processing,Capital Trust,NJ,Referral,No,In progress,No
60,2025-05-13,Debt collection,Account access,Horizon Finance,IL,Web,Yes,Closed with explanation,No
61,2025-11-04,Debt collection,Incorrect information,Horizon Finance,CA,Web,Yes,Closed with explanation,No
62,2025-06-27,Mortgage,Payment processing,North Bank,NJ,Postal mail,Yes,Closed with explanation,No
63,2024-09-24,Debt collection,Communication,Horizon Finance,NY,Web,Yes,Closed with explanation,No
64,2025-12-07,Debt collection,Incorrect information,Union Lending,CA,Web,Yes,Closed with explanation,No
65,2024-10-26,Consumer loan,Communication,Horizon Finance,FL,Web,Yes,Closed with explanation,No
66,2024-08-25,Checking account,Unexpected fees,Union Lending,TX,Web,Yes,Closed with explanation,No
67,2025-10-23,Credit card,Unexpected fees,North Bank,NC,Referral,Yes,Closed with explanation,Yes
68,2024-09-27,Credit card,Payment processing,North Bank,NC,Phone,No,In progress,No
69,2024-02-25,Checking account,Unexpected fees,Metro Credit,CA,Web,Yes,Closed with explanation,No
70,2024-12-08,Mortgage,Incorrect information,Metro Credit,IL,Web,Yes,Closed with explanation,No
71,2025-08-03,Checking account,Communication,Capital Trust,CA,Web,Yes,Closed with explanation,No
72,2024-05-18,Mortgage,Unexpected fees,Capital Trust,NY,Referral,Yes,Closed with explanation,No
73,2024-12-03,Mortgage,Incorrect information,Horizon Finance,TX,Web,Yes,Closed with explanation,Yes
74,2024-04-04,Debt collection,Payment processing,Horizon Finance,GA,Web,Yes,Closed with explanation,No
75,2025-05-16,Credit card,Unexpected fees,Metro Credit,CA,Web,Yes,Closed with explanation,Yes
76,2024-12-13,Credit card,Payment processing,Horizon Finance,NC,Web,Yes,Closed with explanation,No
77,2024-08-29,Consumer loan,Incorrect information,Union Lending,TX,Web,Yes,Closed with explanation,No
78,2024-06-14,Debt collection,Account access,Union Lending,FL,Phone,No,In progress,Yes
79,2025-02-16,Debt collection,Account access,Capital Trust,NC,Web,Yes,Closed with explanation,Yes
80,2025-05-03,Debt collection,Communication,Horizon Finance,NC,Web,No,In progress,No
81,2025-11-17,Debt collection,Account access,Metro Credit,CA,Web,Yes,Closed with explanation,No
82,2024-11-15,Checking account,Communication,North Bank,CA,Web,Yes,Closed with explanation,No
83,2024-04-27,Checking account,Unexpected fees,Union Lending,NJ,Web,Yes,Closed with explanation,No
84,2025-08-30,Credit card,Account access,Capital Trust,NC,Phone,Yes,Closed with explanation,No
85,2025-04-04,Mortgage,Communication,Horizon Finance,NY,Web,Yes,Closed with explanation,No
86,2025-05-26,Debt collection,Incorrect information,Capital Trust,TX,Referral,Yes,Closed with explanation,No
87,2024-03-11,Checking account,Communication,Metro Credit,TX,Web,Yes,Closed with explanation,No
88,2024-08-16,Mortgage,Payment processing,North Bank,FL,Phone,Yes,Closed with explanation,No
89,2025-07-14,Checking account,Payment processing,Union Lending,GA,Web,Yes,Closed with explanation,No
90,2025-08-30,Credit card,Unexpected fees,North Bank,CA,Web,Yes,Closed with explanation,No
91,2024-11-13,Credit card,Communication,North Bank,GA,Web,Yes,Closed with explanation,No
92,2025-08-10,Credit card,Communication,Union Lending,NJ,Web,Yes,Closed with explanation,No
93,2025-09-06,Debt collection,Unexpected fees,Horizon Finance,TX,Web,Yes,Closed with explanation,No
94,2024-10-09,Checking account,Account access,Union Lending,NC,Phone,Yes,Closed with explanation,No
95,2025-10-17,Debt collection,Incorrect information,Union Lending,NC,Web,Yes,Closed with explanation,No
96,2024-07-29,Consumer loan,Unexpected fees,Metro Credit,FL,Postal mail,Yes,Closed with explanation,No
97,2024-06-23,Credit card,Incorrect information,Union Lending,CA,Phone,Yes,Closed with explanation,No
98,2025-05-13,Credit card,Account access,Horizon Finance,FL,Web,Yes,Closed with explanation,No
99,2025-04-09,Debt collection,Account access,Horizon Finance,FL,Referral,Yes,Closed with explanation,No
100,2024-04-12,Credit card,Account access,Union Lending,FL,Web,Yes,Closed with explanation,No
101,2025-08-30,Debt collection,Payment processing,Metro Credit,NC,Web,Yes,Closed with explanation,No
102,2024-05-25,Credit card,Communication,Horizon Finance,TX,Web,Yes,Closed with explanation,No
103,2025-08-10,Consumer loan,Incorrect information,Horizon Finance,FL,Phone,Yes,Closed with explanation,No
104,2024-01-06,Debt collection,Unexpected fees,North Bank,NJ,Web,Yes,Closed with explanation,No
105,2025-08-04,Credit card,Unexpected fees,Metro Credit,CA,Web,Yes,Closed with explanation,No
106,2025-07-28,Checking account,Communication,North Bank,CA,Web,Yes,Closed with explanation,No
107,2025-07-23,Debt collection,Incorrect information,North Bank,FL,Web,Yes,Closed with explanation,No
108,2025-04-30,Credit card,Incorrect information,Horizon Finance,NC,Web,Yes,Closed with explanation,Yes
109,2024-12-10,Checking account,Incorrect information,Capital Trust,NJ,Web,Yes,Closed with explanation,No
110,2025-05-29,Checking account,Payment processing,Capital Trust,NC,Referral,Yes,Closed with explanation,No
111,2024-07-21,Credit card,Account access,Union Lending,NJ,Web,Yes,Closed with explanation,No
112,2025-07-23,Consumer loan,Communication,Horizon Finance,CA,Web,Yes,Closed with explanation,No
113,2025-02-09,Consumer loan,Unexpected fees,Metro Credit,NY,Postal mail,Yes,Closed with explanation,No
114,2024-12-01,Checking account,Unexpected fees,Metro Credit,IL,Referral,Yes,Closed with explanation,No
115,2025-01-04,Debt collection,Account access,Union Lending,TX,Web,Yes,Closed with explanation,No
116,2025-02-19,Credit card,Incorrect information,Capital Trust,NC,Web,Yes,Closed with explanation,No
117,2024-01-28,Credit card,Communication,Capital Trust,IL,Web,Yes,Closed with explanation,No
118,2024-04-12,Mortgage,Communication,Metro Credit,NJ,Referral,Yes,Closed with explanation,No
119,2024-06-28,Debt collection,Incorrect information,Horizon Finance,FL,Web,Yes,Closed with explanation,No
120,2024-03-24,Credit card,Communication,Horizon Finance,GA,Web,Yes,Closed with explanation,No
121,2024-11-16,Credit card,Account access,North Bank,CA,Web,Yes,Closed with explanation,No
122,2025-05-02,Mortgage,Unexpected fees,North Bank,CA,Web,Yes,Closed with explanation,No
123,2025-04-22,Debt collection,Communication,North Bank,GA,Web,Yes,Closed with explanation,No
124,2024-12-09,Credit card,Account access,Union Lending,CA,Phone,Yes,Closed with explanation,No
125,2025-09-16,Checking account,Unexpected fees,Metro Credit,FL,Web,Yes,Closed with explanation,No
126,2025-02-16,Consumer loan,Communication,Union Lending,NJ,Web,Yes,Closed with explanation,Yes
127,2024-02-27,Checking account,Payment processing,Metro Credit,NY,Referral,Yes,Closed with explanation,No
128,2025-07-12,Credit card,Incorrect information,Union Lending,NY,Web,Yes,Closed with explanation,No
129,2025-02-23,Credit card,Payment processing,North Bank,FL,Web,Yes,Closed with explanation,Yes
130,2025-04-08,Checking account,Payment processing,Metro Credit,GA,Web,Yes,Closed with explanation,No
131,2025-02-16,Checking account,Unexpected fees,Metro Credit,NC,Phone,Yes,Closed with explanation,No
132,2025-02-08,Debt collection,Account access,Horizon Finance,GA,Web,Yes,Closed with explanation,No
133,2024-03-07,Mortgage,Communication,Horizon Finance,FL,Phone,Yes,Closed with explanation,No
134,2025-02-12,Consumer loan,Incorrect information,North Bank,NY,Web,Yes,Closed with explanation,No
135,2025-08-03,Debt collection,Payment processing,Union Lending,CA,Web,Yes,Closed with explanation,No
136,2024-08-09,Checking account,Communication,Capital Trust,TX,Web,No,In progress,Yes
137,2025-03-16,Checking account,Communication,North Bank,FL,Web,Yes,Closed with explanation,No
138,2024-01-23,Debt collection,Unexpected fees,North Bank,NY,Web,Yes,Closed with explanation,No
139,2024-09-10,Credit card,Unexpected fees,Capital Trust,NC,Phone,Yes,Closed with explanation,No
140,2024-11-14,Consumer loan,Communication,Union Lending,NJ,Web,Yes,Closed with explanation,No
141,2025-12-18,Consumer loan,Account access,Capital Trust,CA,Web,Yes,Closed with explanation,Yes
142,2024-06-05,Credit card,Account access,Union Lending,FL,Postal mail,No,In progress,No
143,2024-07-20,Checking account,Account access,Union Lending,CA,Web,Yes,Closed with explanation,No
144,2024-10-25,Credit card,Account access,North Bank,CA,Web,No,In progress,No
145,2025-12-25,Credit card,Payment processing,Horizon Finance,FL,Web,Yes,Closed with explanation,No
146,2025-09-14,Checking account,Account access,Metro Credit,NC,Web,Yes,Closed with explanation,No
147,2024-01-26,Checking account,Unexpected fees,Capital Trust,TX,Postal mail,Yes,Closed with explanation,Yes
148,2024-06-19,Consumer loan,Account access,North Bank,GA,Postal mail,Yes,Closed with explanation,No
149,2025-08-22,Debt collection,Payment processing,North Bank,NY,Web,Yes,Closed with explanation,No
150,2024-02-12,Debt collection,Communication,Horizon Finance,IL,Postal mail,Yes,Closed with explanation,No
151,2025-09-16,Credit card,Account access,Capital Trust,NJ,Web,Yes,Closed with explanation,No
152,2024-07-24,Checking account,Payment processing,Capital Trust,NJ,Postal mail,Yes,Closed with explanation,No
153,2025-10-31,Credit card,Account access,Horizon Finance,NJ,Referral,Yes,Closed with explanation,No
154,2024-08-02,Credit card,Payment processing,Horizon Finance,NY,Web,Yes,Closed with explanation,Yes
155,2024-11-13,Debt collection,Unexpected fees,Metro Credit,CA,Web,Yes,Closed with explanation,No
156,2025-04-28,Checking account,Account access,Capital Trust,NC,Phone,Yes,Closed with explanation,No
157,2024-04-02,Credit card,Incorrect information,North Bank,NC,Web,Yes,Closed with explanation,No
158,2025-02-10,Debt collection,Unexpected fees,North Bank,NJ,Web,No,In progress,No
159,2025-01-03,Checking account,Payment processing,Horizon Finance,NY,Web,Yes,Closed with explanation,No
160,2025-07-26,Credit card,Incorrect information,Metro Credit,FL,Web,Yes,Closed with explanation,No
161,2025-12-28,Credit card,Unexpected fees,Horizon Finance,TX,Web,Yes,Closed with explanation,No
162,2025-04-29,Mortgage,Payment processing,Capital Trust,FL,Web,Yes,Closed with explanation,No
163,2024-10-25,Consumer loan,Communication,Metro Credit,FL,Phone,Yes,Closed with explanation,No
164,2024-10-23,Credit card,Account access,Capital Trust,FL,Web,Yes,Closed with explanation,No
165,2024-11-01,Debt collection,Account access,Metro Credit,NC,Web,Yes,Closed with explanation,No
166,2025-08-17,Debt collection,Account access,Metro Credit,GA,Web,Yes,Closed with explanation,No
167,2024-08-22,Debt collection,Payment processing,North Bank,TX,Web,Yes,Closed with explanation,No
168,2024-05-01,Credit card,Account access,Union Lending,GA,Web,Yes,Closed with explanation,No
169,2024-09-01,Credit card,Incorrect information,Capital Trust,GA,Web,Yes,Closed with explanation,No
170,2024-01-17,Debt collection,Account access,Capital Trust,IL,Phone,Yes,Closed with explanation,No
171,2024-03-18,Checking account,Unexpected fees,North Bank,NC,Web,Yes,Closed with explanation,No
172,2024-03-06,Mortgage,Payment processing,Union Lending,NC,Phone,Yes,Closed with explanation,No
173,2025-07-17,Consumer loan,Incorrect information,North Bank,NY,Web,No,In progress,No
174,2025-06-11,Credit card,Payment processing,Union Lending,NY,Referral,Yes,Closed with explanation,No
175,2025-05-23,Consumer loan,Incorrect information,Union Lending,TX,Web,Yes,Closed with explanation,No
176,2024-12-03,Debt collection,Communication,North Bank,NJ,Referral,No,In progress,No
177,2025-06-07,Consumer loan,Payment processing,North Bank,NC,Web,Yes,Closed with explanation,No
178,2024-04-27,Checking account,Incorrect information,North Bank,GA,Web,Yes,Closed with explanation,No
179,2025-10-19,Debt collection,Communication,Union Lending,TX,Web,No,In progress,No
180,2024-12-31,Mortgage,Account access,Union Lending,IL,Web,Yes,Closed with explanation,No
181,2025-11-15,Consumer loan,Payment processing,North Bank,NJ,Web,Yes,Closed with explanation,No
182,2024-04-21,Debt collection,Incorrect information,Horizon Finance,CA,Phone,No,In progress,No
183,2024-12-29,Consumer loan,Incorrect information,Union Lending,IL,Phone,Yes,Closed with explanation,No
184,2025-05-23,Checking account,Communication,Metro Credit,GA,Web,Yes,Closed with explanation,No
185,2024-12-27,Credit card,Account access,Union Lending,IL,Postal mail,Yes,Closed with explanation,Yes
186,2024-11-21,Credit card,Payment processing,Metro Credit,GA,Web,Yes,Closed with explanation,No
187,2024-05-01,Mortgage,Communication,Metro Credit,NC,Web,Yes,Closed with explanation,No
188,2024-10-05,Mortgage,Account access,Metro Credit,CA,Phone,Yes,Closed with explanation,No
189,2024-06-23,Mortgage,Unexpected fees,Metro Credit,IL,Web,Yes,Closed with explanation,No
190,2024-08-08,Checking account,Communication,Horizon Finance,NJ,Web,Yes,Closed with explanation,No
191,2025-05-14,Consumer loan,Incorrect information,Metro Credit,NJ,Web,Yes,Closed with explanation,Yes
192,2025-04-05,Debt collection,Account access,Metro Credit,NY,Web,Yes,Closed with explanation,No
193,2025-03-19,Credit card,Communication,Union Lending,NC,Web,Yes,Closed with explanation,No
194,2024-09-21,Consumer loan,Unexpected fees,Metro Credit,FL,Web,Yes,Closed with explanation,No
195,2025-12-01,Consumer loan,Unexpected fees,Union Lending,NY,Web,Yes,Closed with explanation,No
196,2024-03-04,Mortgage,Account access,North Bank,NJ,Phone,Yes,Closed with explanation,No
197,2024-09-07,Credit card,Incorrect information,North Bank,NY,Postal mail,Yes,Closed with explanation,No
198,2024-03-27,Consumer loan,Incorrect information,Capital Trust,FL,Web,Yes,Closed with explanation,No
199,2024-09-04,Debt collection,Unexpected fees,Horizon Finance,IL,Web,Yes,Closed with explanation,No
200,2025-12-03,Consumer loan,Communication,Union Lending,IL,Web,Yes,Closed with explanation,No
201,2024-09-24,Debt collection,Unexpected fees,Union Lending,NC,Web,Yes,Closed with explanation,No
202,2025-10-25,Debt collection,Payment processing,North Bank,IL,Web,Yes,Closed with explanation,No
203,2024-12-27,Checking account,Account access,Capital Trust,TX,Web,Yes,Closed with explanation,No
204,2025-05-25,Mortgage,Payment processing,Horizon Finance,CA,Phone,Yes,Closed with explanation,No
205,2024-11-29,Checking account,Unexpected fees,Capital Trust,NC,Web,Yes,Closed with explanation,No
206,2024-07-13,Debt collection,Communication,Horizon Finance,NY,Phone,Yes,Closed with explanation,No
207,2025-07-11,Credit card,Unexpected fees,Horizon Finance,TX,Web,Yes,Closed with explanation,No
208,2025-12-08,Checking account,Payment processing,Union Lending,TX,Referral,Yes,Closed with explanation,No
209,2024-07-11,Debt collection,Communication,North Bank,CA,Web,Yes,Closed with explanation,No
210,2025-07-22,Checking account,Account access,Union Lending,TX,Phone,Yes,Closed with explanation,No
211,2024-07-09,Consumer loan,Payment processing,Capital Trust,NJ,Phone,Yes,Closed with explanation,No
212,2025-06-07,Checking account,Incorrect information,Union Lending,GA,Web,Yes,Closed with explanation,No
213,2025-07-29,Debt collection,Account access,North Bank,IL,Web,Yes,Closed with explanation,No
214,2024-11-24,Debt collection,Unexpected fees,Union Lending,CA,Phone,Yes,Closed with explanation,No
215,2025-06-21,Checking account,Communication,North Bank,GA,Web,Yes,Closed with explanation,No
216,2024-07-17,Consumer loan,Communication,North Bank,NC,Web,Yes,Closed with explanation,Yes
217,2024-02-27,Checking account,Payment processing,Metro Credit,NC,Web,Yes,Closed with explanation,No
218,2024-03-11,Mortgage,Communication,Metro Credit,NY,Phone,Yes,Closed with explanation,No
219,2024-11-22,Mortgage,Communication,North Bank,IL,Web,Yes,Closed with explanation,No
220,2025-10-20,Debt collection,Payment processing,North Bank,FL,Web,No,In progress,No
221,2024-04-03,Credit card,Account access,Union Lending,NC,Web,Yes,Closed with explanation,No
222,2024-11-28,Credit card,Unexpected fees,Horizon Finance,NC,Web,Yes,Closed with explanation,No
223,2025-05-28,Consumer loan,Communication,North Bank,TX,Phone,Yes,Closed with explanation,Yes
224,2024-05-27,Mortgage,Incorrect information,Horizon Finance,NY,Web,Yes,Closed with explanation,No
225,2025-06-10,Mortgage,Incorrect information,Union Lending,TX,Web,No,In progress,No
226,2024-08-11,Credit card,Communication,Union Lending,IL,Web,Yes,Closed with explanation,No
227,2025-08-13,Checking account,Incorrect information,Metro Credit,FL,Web,Yes,Closed with explanation,No
228,2025-02-26,Debt collection,Incorrect information,North Bank,GA,Phone,Yes,Closed with explanation,No
229,2025-02-03,Credit card,Account access,Capital Trust,NC,Web,Yes,Closed with explanation,No
230,2024-05-09,Checking account,Account access,Union Lending,NJ,Phone,Yes,Closed with explanation,No
231,2024-12-04,Debt collection,Incorrect information,Capital Trust,TX,Web,Yes,Closed with explanation,No
232,2025-09-17,Credit card,Unexpected fees,Metro Credit,TX,Referral,Yes,Closed with explanation,No
233,2024-01-15,Consumer loan,Unexpected fees,North Bank,NJ,Web,Yes,Closed with explanation,No
234,2025-07-07,Credit card,Unexpected fees,Metro Credit,CA,Web,Yes,Closed with explanation,No
235,2024-12-25,Debt collection,Incorrect information,Metro Credit,NY,Web,Yes,Closed with explanation,No
236,2025-06-09,Consumer loan,Payment processing,Union Lending,NC,Referral,Yes,Closed with explanation,No
237,2025-04-29,Debt collection,Account access,Union Lending,NY,Phone,Yes,Closed with explanation,No
238,2024-11-11,Credit card,Communication,North Bank,CA,Web,No,In progress,No
239,2024-08-13,Mortgage,Incorrect information,Horizon Finance,NC,Phone,Yes,Closed with explanation,Yes
240,2025-04-02,Consumer loan,Payment processing,Metro Credit,GA,Web,Yes,Closed with explanation,No
241,2024-04-12,Credit card,Communication,Union Lending,FL,Web,Yes,Closed with explanation,No
242,2025-03-02,Credit card,Account access,Metro Credit,IL,Phone,Yes,Closed with explanation,No
243,2024-03-10,Credit card,Payment processing,Horizon Finance,IL,Web,Yes,Closed with explanation,No
244,2025-04-19,Debt collection,Account access,Union Lending,IL,Postal mail,Yes,Closed with explanation,No
245,2025-04-03,Consumer loan,Account access,Metro Credit,NC,Referral,No,In progress,No
246,2024-03-02,Mortgage,Communication,North Bank,NJ,Postal mail,No,In progress,No
247,2025-07-06,Consumer loan,Account access,Union Lending,FL,Phone,Yes,Closed with explanation,No
248,2024-10-30,Mortgage,Account access,Capital Trust,NC,Web,Yes,Closed with explanation,No
249,2025-07-28,Checking account,Communication,Horizon Finance,NC,Web,Yes,Closed with explanation,No
250,2024-01-31,Checking account,Account access,Capital Trust,CA,Web,Yes,Closed with explanation,No
251,2024-05-11,Mortgage,Incorrect information,North Bank,FL,Phone,Yes,Closed with explanation,No
252,2024-12-26,Credit card,Payment processing,Capital Trust,IL,Web,Yes,Closed with explanation,No
253,2024-05-17,Debt collection,Payment processing,Capital Trust,NC,Referral,Yes,Closed with explanation,No
254,2024-08-28,Debt collection,Unexpected fees,Metro Credit,GA,Web,Yes,Closed with explanation,No
255,2025-04-27,Checking account,Payment processing,North Bank,IL,Web,Yes,Closed with explanation,No
256,2024-04-15,Mortgage,Incorrect information,Union Lending,FL,Web,Yes,Closed with explanation,No
257,2025-05-09,Credit card,Unexpected fees,Capital Trust,CA,Phone,Yes,Closed with explanation,No
258,2024-03-16,Debt collection,Communication,North Bank,NC,Web,Yes,Closed with explanation,Yes
259,2024-05-07,Debt collection,Payment processing,Union Lending,IL,Web,No,In progress,No
260,2025-03-04,Debt collection,Payment processing,Capital Trust,NY,Web,Yes,Closed with explanation,No
261,2025-08-02,Checking account,Payment processing,North Bank,NC,Web,Yes,Closed with explanation,No
262,2024-05-04,Credit card,Incorrect information,Horizon Finance,TX,Postal mail,Yes,Closed with explanation,No
263,2024-08-06,Credit card,Communication,North Bank,FL,Web,Yes,Closed with explanation,No
264,2025-11-06,Credit card,Unexpected fees,North Bank,NJ,Web,Yes,Closed with explanation,No
265,2025-12-23,Credit card,Payment processing,Horizon Finance,FL,Web,Yes,Closed with explanation,No
266,2025-02-28,Credit card,Communication,Metro Credit,NC,Web,Yes,Closed with explanation,Yes
267,2024-11-22,Debt collection,Unexpected fees,North Bank,NJ,Web,Yes,Closed with explanation,No
268,2024-09-10,Credit card,Payment processing,Capital Trust,CA,Web,Yes,Closed with explanation,No
269,2025-03-23,Credit card,Incorrect information,Metro Credit,NY,Web,Yes,Closed with explanation,No
270,2025-03-07,Debt collection,Payment processing,Capital Trust,NJ,Web,Yes,Closed with explanation,No
271,2024-08-03,Mortgage,Account access,North Bank,NY,Web,Yes,Closed with explanation,Yes
272,2024-01-17,Consumer loan,Incorrect information,Horizon Finance,TX,Phone,Yes,Closed with explanation,Yes
273,2024-04-20,Mortgage,Payment processing,Union Lending,CA,Web,No,In progress,Yes
274,2025-11-30,Debt collection,Communication,Horizon Finance,CA,Phone,Yes,Closed with explanation,No
275,2024-11-01,Mortgage,Incorrect information,Horizon Finance,TX,Web,No,In progress,No
276,2024-12-18,Mortgage,Communication,Union Lending,FL,Referral,No,In progress,No
277,2024-12-06,Consumer loan,Communication,North Bank,FL,Web,Yes,Closed with explanation,No
278,2025-07-25,Checking account,Account access,Capital Trust,NJ,Phone,Yes,Closed with explanation,No
279,2024-02-17,Checking account,Communication,Union Lending,IL,Referral,Yes,Closed with explanation,No
280,2024-03-01,Checking account,Unexpected fees,Union Lending,TX,Postal mail,Yes,Closed with explanation,No
281,2024-07-20,Credit card,Payment processing,Horizon Finance,CA,Phone,Yes,Closed with explanation,No
282,2024-12-21,Consumer loan,Payment processing,Metro Credit,TX,Web,Yes,Closed with explanation,No
283,2025-05-04,Credit card,Account access,Horizon Finance,FL,Postal mail,Yes,Closed with explanation,No
284,2024-12-24,Credit card,Communication,Union Lending,GA,Phone,Yes,Closed with explanation,No
285,2024-11-18,Credit card,Communication,Capital Trust,CA,Web,Yes,Closed with explanation,No
286,2025-11-15,Debt collection,Payment processing,Capital Trust,NY,Web,Yes,Closed with explanation,No
287,2024-04-27,Checking account,Account access,North Bank,NY,Postal mail,Yes,Closed with explanation,No
288,2025-02-21,Consumer loan,Communication,North Bank,TX,Web,Yes,Closed with explanation,No
289,2025-01-30,Debt collection,Account access,Capital Trust,CA,Phone,No,In progress,No
290,2024-12-11,Credit card,Payment processing,Metro Credit,TX,Web,Yes,Closed with explanation,No
291,2025-08-12,Consumer loan,Incorrect information,Horizon Finance,TX,Phone,Yes,Closed with explanation,No
292,2024-07-13,Checking account,Unexpected fees,North Bank,NJ,Web,No,In progress,No
293,2025-11-27,Credit card,Communication,North Bank,NC,Phone,Yes,Closed with explanation,No
294,2024-08-30,Consumer loan,Account access,Horizon Finance,IL,Web,Yes,Closed with explanation,No
295,2025-02-01,Debt collection,Account access,Union Lending,NJ,Referral,Yes,Closed with explanation,No
296,2025-01-15,Checking account,Communication,Union Lending,NJ,Web,Yes,Closed with explanation,No
297,2025-09-12,Mortgage,Unexpected fees,Capital Trust,NC,Web,Yes,Closed with explanation,No
298,2024-11-16,Checking account,Unexpected fees,North Bank,CA,Web,Yes,Closed with explanation,No
299,2024-07-26,Mortgage,Incorrect information,Metro Credit,NC,Web,Yes,Closed with explanation,No
300,2024-01-16,Mortgage,Unexpected fees,Horizon Finance,NY,Postal mail,Yes,Closed with explanation,No
301,2024-09-22,Mortgage,Account access,Horizon Finance,IL,Web,Yes,Closed with explanation,No
302,2025-08-26,Mortgage,Payment processing,North Bank,NJ,Web,Yes,Closed with explanation,No
303,2024-01-08,Credit card,Unexpected fees,Horizon Finance,NY,Phone,No,In progress,No
304,2025-10-16,Consumer loan,Account access,Capital Trust,FL,Web,Yes,Closed with explanation,No
305,2025-01-31,Consumer loan,Unexpected fees,North Bank,CA,Web,Yes,Closed with explanation,No
306,2024-04-12,Consumer loan,Communication,Capital Trust,TX,Phone,Yes,Closed with explanation,No
307,2024-08-08,Credit card,Account access,Horizon Finance,CA,Web,Yes,Closed with explanation,No
308,2025-02-08,Checking account,Incorrect information,Horizon Finance,NY,Referral,Yes,Closed with explanation,No
309,2024-08-18,Checking account,Payment processing,Union Lending,NJ,Web,Yes,Closed with explanation,No
310,2024-03-20,Credit card,Unexpected fees,Union Lending,FL,Web,Yes,Closed with explanation,Yes
311,2025-05-01,Credit card,Communication,Union Lending,IL,Web,Yes,Closed with explanation,No
312,2025-05-05,Checking account,Unexpected fees,North Bank,TX,Referral,Yes,Closed with explanation,No
313,2024-03-27,Consumer loan,Communication,Metro Credit,IL,Web,Yes,Closed with explanation,No
314,2024-07-24,Credit card,Payment processing,Capital Trust,NC,Phone,Yes,Closed with explanation,No
315,2024-06-27,Debt collection,Incorrect information,North Bank,FL,Web,Yes,Closed with explanation,No
316,2025-04-26,Mortgage,Payment processing,Union Lending,NY,Web,No,In progress,Yes
317,2025-06-17,Consumer loan,Payment processing,Horizon Finance,NC,Phone,Yes,Closed with explanation,No
318,2025-06-14,Checking account,Account access,North Bank,IL,Web,Yes,Closed with explanation,No
319,2025-11-16,Mortgage,Incorrect information,North Bank,NY,Web,Yes,Closed with explanation,No
320,2025-07-15,Mortgage,Account access,Capital Trust,CA,Web,Yes,Closed with explanation,No
321,2024-08-22,Debt collection,Payment processing,North Bank,NC,Phone,Yes,Closed with explanation,No
322,2024-03-19,Mortgage,Incorrect information,North Bank,IL,Web,Yes,Closed with explanation,No
323,2025-03-24,Mortgage,Unexpected fees,North Bank,CA,Web,Yes,Closed with explanation,No
324,2025-10-30,Mortgage,Payment processing,Union Lending,IL,Web,Yes,Closed with explanation,No
325,2025-12-12,Consumer loan,Account access,Capital Trust,NC,Referral,Yes,Closed with explanation,No
326,2024-06-17,Credit card,Communication,North Bank,NC,Web,Yes,Closed with explanation,No
327,2024-06-21,Mortgage,Unexpected fees,Union Lending,TX,Web,Yes,Closed with explanation,No
328,2024-01-28,Checking account,Payment processing,Union Lending,NY,Web,Yes,Closed with explanation,No
329,2024-04-13,Debt collection,Account access,Metro Credit,NC,Web,Yes,Closed with explanation,No
330,2025-02-09,Mortgage,Unexpected fees,North Bank,NJ,Web,Yes,Closed with explanation,No
331,2025-02-03,Checking account,Communication,Horizon Finance,IL,Referral,Yes,Closed with explanation,No
332,2024-09-27,Debt collection,Payment processing,North Bank,FL,Phone,Yes,Closed with explanation,No
333,2024-08-14,Checking account,Account access,North Bank,NJ,Web,Yes,Closed with explanation,Yes
334,2025-08-28,Credit card,Unexpected fees,Horizon Finance,IL,Web,Yes,Closed with explanation,No
335,2024-12-01,Credit card,Communication,Capital Trust,IL,Web,Yes,Closed with explanation,No
336,2025-08-13,Credit card,Incorrect information,Capital Trust,NC,Web,Yes,Closed with explanation,No
337,2025-12-04,Credit card,Incorrect information,Union Lending,NY,Web,No,In progress,Yes
338,2024-08-19,Checking account,Incorrect information,Metro Credit,GA,Web,No,In progress,No
339,2024-05-27,Consumer loan,Payment processing,Metro Credit,CA,Referral,Yes,Closed with explanation,No
340,2025-11-26,Consumer loan,Incorrect information,Union Lending,GA,Web,Yes,Closed with explanation,No
341,2025-04-08,Credit card,Payment processing,North Bank,IL,Web,Yes,Closed with explanation,No
342,2024-07-31,Mortgage,Incorrect information,Horizon Finance,NC,Postal mail,Yes,Closed with explanation,No
343,2025-03-29,Credit card,Payment processing,Union Lending,FL,Web,Yes,Closed with explanation,Yes
344,2025-01-10,Debt collection,Payment processing,Capital Trust,NC,Web,Yes,Closed with explanation,No
345,2025-10-23,Credit card,Communication,North Bank,IL,Web,Yes,Closed with explanation,No
346,2024-07-05,Mortgage,Unexpected fees,Metro Credit,TX,Postal mail,Yes,Closed with explanation,No
347,2025-12-24,Checking account,Incorrect information,Metro Credit,TX,Web,Yes,Closed with explanation,No
348,2025-11-14,Mortgage,Payment processing,Horizon Finance,TX,Web,Yes,Closed with explanation,No
349,2024-05-11,Checking account,Account access,North Bank,FL,Web,Yes,Closed with explanation,No
350,2024-04-30,Consumer loan,Communication,Capital Trust,IL,Web,Yes,Closed with explanation,No
351,2025-01-24,Credit card,Incorrect information,Capital Trust,NJ,Web,Yes,Closed with explanation,No
352,2024-02-02,Debt collection,Account access,Metro Credit,NC,Web,Yes,Closed with explanation,No
353,2024-08-06,Mortgage,Incorrect information,Horizon Finance,GA,Referral,Yes,Closed with explanation,No
354,2024-11-13,Consumer loan,Account access,Horizon Finance,NY,Phone,Yes,Closed with explanation,No
355,2025-12-08,Debt collection,Incorrect information,North Bank,IL,Web,No,In progress,Yes
356,2025-12-25,Debt collection,Payment processing,Capital Trust,FL,Web,Yes,Closed with explanation,No
357,2024-04-20,Credit card,Payment processing,Union Lending,TX,Web,Yes,Closed with explanation,No
358,2025-10-12,Checking account,Incorrect information,Metro Credit,IL,Web,Yes,Closed with explanation,No
359,2024-03-07,Credit card,Account access,Horizon Finance,NJ,Phone,No,In progress,No
360,2025-06-30,Credit card,Account access,Metro Credit,CA,Web,Yes,Closed with explanation,No
361,2025-09-09,Mortgage,Payment processing,Metro Credit,CA,Referral,Yes,Closed with explanation,No
362,2025-10-12,Debt collection,Account access,Metro Credit,TX,Web,Yes,Closed with explanation,Yes
363,2024-06-12,Debt collection,Account access,North Bank,TX,Phone,Yes,Closed with explanation,No
364,2025-10-14,Mortgage,Communication,Capital Trust,TX,Referral,Yes,Closed with explanation,No
365,2024-03-25,Mortgage,Account access,Union Lending,TX,Phone,Yes,Closed with explanation,No
366,2025-01-13,Debt collection,Communication,Capital Trust,CA,Referral,No,In progress,No
367,2024-12-08,Debt collection,Communication,North Bank,FL,Phone,Yes,Closed with explanation,Yes
368,2024-08-18,Credit card,Communication,Union Lending,GA,Web,Yes,Closed with explanation,No
369,2024-01-17,Mortgage,Communication,Horizon Finance,TX,Web,Yes,Closed with explanation,No
370,2025-07-17,Debt collection,Payment processing,Union Lending,FL,Web,Yes,Closed with explanation,No
371,2024-09-01,Checking account,Account access,Capital Trust,NC,Referral,Yes,Closed with explanation,Yes
372,2025-04-28,Checking account,Account access,Metro Credit,TX,Web,Yes,Closed with explanation,Yes
373,2024-10-26,Debt collection,Unexpected fees,North Bank,NC,Postal mail,Yes,Closed with explanation,No
374,2024-09-29,Debt collection,Communication,North Bank,IL,Web,Yes,Closed with explanation,Yes
375,2025-10-08,Debt collection,Payment processing,Horizon Finance,GA,Phone,Yes,Closed with explanation,No
376,2024-03-09,Consumer loan,Communication,North Bank,FL,Web,Yes,Closed with explanation,No
377,2025-06-21,Credit card,Payment processing,North Bank,FL,Postal mail,Yes,Closed with explanation,No
378,2025-06-29,Checking account,Account access,North Bank,NY,Web,Yes,Closed with explanation,No
379,2024-10-04,Mortgage,Unexpected fees,Metro Credit,TX,Web,Yes,Closed with explanation,No
380,2024-07-10,Mortgage,Communication,North Bank,FL,Referral,Yes,Closed with explanation,No
381,2024-01-04,Mortgage,Payment processing,Horizon Finance,NC,Web,Yes,Closed with explanation,No
382,2025-11-14,Mortgage,Communication,Union Lending,CA,Web,Yes,Closed with explanation,Yes
383,2025-11-22,Checking account,Account access,Metro Credit,IL,Referral,Yes,Closed with explanation,No
384,2024-06-24,Consumer loan,Account access,North Bank,GA,Referral,Yes,Closed with explanation,No
385,2024-01-24,Checking account,Incorrect information,Horizon Finance,TX,Web,Yes,Closed with explanation,Yes
386,2024-03-30,Checking account,Incorrect information,North Bank,CA,Web,Yes,Closed with explanation,No
387,2024-02-19,Credit card,Payment processing,Union Lending,IL,Web,Yes,Closed with explanation,No
388,2025-08-29,Credit card,Unexpected fees,Metro Credit,TX,Web,Yes,Closed with explanation,No
389,2025-10-13,Debt collection,Incorrect information,Horizon Finance,NC,Web,Yes,Closed with explanation,No
390,2024-04-21,Checking account,Payment processing,Metro Credit,TX,Web,Yes,Closed with explanation,No
391,2025-06-29,Credit card,Payment processing,Metro Credit,TX,Web,Yes,Closed with explanation,No
392,2024-05-10,Consumer loan,Incorrect information,North Bank,FL,Web,Yes,Closed with explanation,No
393,2024-09-25,Mortgage,Account access,Horizon Finance,FL,Referral,Yes,Closed with explanation,No
394,2025-03-13,Credit card,Account access,North Bank,TX,Web,Yes,Closed with explanation,No
395,2025-06-09,Checking account,Incorrect information,Union Lending,GA,Web,Yes,Closed with explanation,No
396,2025-09-30,Credit card,Payment processing,Metro Credit,FL,Referral,Yes,Closed with explanation,No
397,2024-02-02,Mortgage,Unexpected fees,Horizon Finance,IL,Referral,Yes,Closed with explanation,No
398,2024-05-23,Checking account,Communication,Horizon Finance,TX,Web,Yes,Closed with explanation,Yes
399,2024-07-23,Credit card,Incorrect information,Union Lending,CA,Postal mail,Yes,Closed with explanation,No
400,2024-08-14,Credit card,Communication,Union Lending,CA,Web,Yes,Closed with explanation,No
401,2025-12-29,Mortgage,Incorrect information,Horizon Finance,CA,Web,Yes,Closed with explanation,No
402,2025-07-21,Credit card,Payment processing,Capital Trust,NJ,Web,Yes,Closed with explanation,No
403,2024-08-21,Debt collection,Payment processing,Metro Credit,FL,Web,Yes,Closed with explanation,No
404,2025-12-10,Credit card,Account access,Union Lending,FL,Phone,Yes,Closed with explanation,No
405,2024-12-30,Mortgage,Unexpected fees,Metro Credit,IL,Web,Yes,Closed with explanation,No
406,2024-12-31,Checking account,Incorrect information,Union Lending,CA,Referral,Yes,Closed with explanation,No
407,2024-11-12,Checking account,Unexpected fees,Horizon Finance,IL,Web,Yes,Closed with explanation,No
408,2024-04-15,Credit card,Payment processing,Capital Trust,IL,Web,Yes,Closed with explanation,No
409,2025-11-13,Debt collection,Payment processing,Metro Credit,NJ,Web,Yes,Closed with explanation,No
410,2024-01-11,Debt collection,Incorrect information,Horizon Finance,CA,Web,Yes,Closed with explanation,No
411,2024-05-07,Credit card,Incorrect information,North Bank,CA,Postal mail,Yes,Closed with explanation,No
412,2024-06-16,Credit card,Account access,Union Lending,NJ,Phone,Yes,Closed with explanation,No
413,2024-07-22,Debt collection,Account access,North Bank,FL,Phone,Yes,Closed with explanation,No
414,2024-04-06,Mortgage,Communication,Horizon Finance,CA,Phone,Yes,Closed with explanation,No
415,2024-01-14,Credit card,Payment processing,North Bank,IL,Web,Yes,Closed with explanation,No
416,2025-05-09,Credit card,Account access,Metro Credit,NY,Web,Yes,Closed with explanation,No
417,2025-12-08,Mortgage,Account access,Horizon Finance,NC,Web,Yes,Closed with explanation,No
418,2024-03-29,Consumer loan,Payment processing,Metro Credit,NC,Referral,Yes,Closed with explanation,Yes
419,2024-08-04,Mortgage,Account access,Metro Credit,IL,Web,Yes,Closed with explanation,No
420,2025-01-04,Debt collection,Payment processing,North Bank,TX,Web,Yes,Closed with explanation,No
421,2025-11-08,Mortgage,Incorrect information,Union Lending,GA,Phone,Yes,Closed with explanation,No
422,2025-05-21,Checking account,Communication,Union Lending,TX,Web,Yes,Closed with explanation,No
423,2025-07-13,Checking account,Communication,Horizon Finance,NJ,Web,Yes,Closed with explanation,No
424,2025-02-28,Checking account,Account access,North Bank,IL,Web,Yes,Closed with explanation,No
425,2024-10-31,Credit card,Account access,North Bank,FL,Web,Yes,Closed with explanation,No
426,2024-05-25,Credit card,Account access,Union Lending,NC,Web,Yes,Closed with explanation,No
427,2025-09-22,Checking account,Communication,Capital Trust,IL,Referral,Yes,Closed with explanation,No
428,2025-08-10,Consumer loan,Incorrect information,Capital Trust,NY,Phone,Yes,Closed with explanation,No
429,2024-01-19,Credit card,Unexpected fees,Horizon Finance,TX,Web,Yes,Closed with explanation,Yes
430,2025-06-06,Checking account,Payment processing,Horizon Finance,GA,Phone,Yes,Closed with explanation,No
431,2024-03-02,Mortgage,Payment processing,North Bank,FL,Phone,Yes,Closed with explanation,No
432,2025-06-23,Mortgage,Unexpected fees,North Bank,TX,Phone,Yes,Closed with explanation,No
433,2025-08-25,Consumer loan,Incorrect information,Union Lending,CA,Referral,Yes,Closed with explanation,Yes
434,2024-04-05,Debt collection,Account access,Horizon Finance,GA,Phone,Yes,Closed with explanation,No
435,2024-11-12,Consumer loan,Payment processing,Horizon Finance,NC,Web,Yes,Closed with explanation,No
436,2024-03-31,Credit card,Payment processing,Metro Credit,FL,Web,Yes,Closed with explanation,No
437,2025-02-18,Checking account,Incorrect information,Metro Credit,TX,Web,Yes,Closed with explanation,No
438,2025-11-08,Mortgage,Incorrect information,Capital Trust,IL,Web,Yes,Closed with explanation,No
439,2024-02-29,Credit card,Unexpected fees,Capital Trust,TX,Postal mail,Yes,Closed with explanation,No
440,2024-10-17,Credit card,Account access,Union Lending,CA,Web,Yes,Closed with explanation,No
441,2025-12-11,Credit card,Incorrect information,Metro Credit,GA,Web,Yes,Closed with explanation,No
442,2024-08-07,Checking account,Incorrect information,Union Lending,IL,Postal mail,No,In progress,No
443,2024-04-06,Checking account,Account access,Metro Credit,CA,Phone,Yes,Closed with explanation,No
444,2024-12-22,Credit card,Unexpected fees,Horizon Finance,TX,Web,Yes,Closed with explanation,No
445,2025-01-06,Debt collection,Payment processing,North Bank,TX,Referral,Yes,Closed with explanation,No
446,2025-04-28,Debt collection,Incorrect information,Union Lending,GA,Web,Yes,Closed with explanation,No
447,2024-08-17,Credit card,Communication,North Bank,GA,Web,Yes,Closed with explanation,No
448,2025-11-28,Debt collection,Incorrect information,Union Lending,GA,Web,Yes,Closed with explanation,No
449,2025-01-15,Credit card,Account access,Union Lending,CA,Referral,Yes,Closed with explanation,No
450,2024-07-28,Debt collection,Communication,North Bank,NJ,Web,Yes,Closed with explanation,No
451,2025-12-02,Debt collection,Payment processing,Horizon Finance,TX,Web,Yes,Closed with explanation,No
452,2025-11-06,Credit card,Communication,Metro Credit,NC,Phone,Yes,Closed with explanation,No
453,2024-12-30,Consumer loan,Incorrect information,Horizon Finance,NJ,Referral,Yes,Closed with explanation,No
454,2024-01-19,Debt collection,Payment processing,North Bank,NY,Web,Yes,Closed with explanation,Yes
455,2025-03-11,Debt collection,Incorrect information,Union Lending,NJ,Web,Yes,Closed with explanation,No
456,2025-02-09,Debt collection,Payment processing,Horizon Finance,GA,Postal mail,Yes,Closed with explanation,No
457,2024-04-18,Mortgage,Unexpected fees,Metro Credit,NJ,Phone,Yes,Closed with explanation,No
458,2025-04-07,Credit card,Payment processing,Capital Trust,CA,Web,Yes,Closed with explanation,No
459,2025-09-05,Debt collection,Incorrect information,Union Lending,CA,Web,Yes,Closed with explanation,No
460,2024-03-18,Mortgage,Communication,Union Lending,NC,Web,Yes,Closed with explanation,No
461,2025-06-12,Mortgage,Account access,North Bank,NJ,Phone,Yes,Closed with explanation,No
462,2024-04-12,Checking account,Account access,Horizon Finance,IL,Web,Yes,Closed with explanation,No
463,2025-06-30,Mortgage,Account access,Union Lending,FL,Phone,Yes,Closed with explanation,No
464,2024-11-01,Credit card,Incorrect information,Capital Trust,NY,Web,Yes,Closed with explanation,No
465,2024-01-05,Consumer loan,Unexpected fees,Union Lending,NY,Phone,Yes,Closed with explanation,No
466,2025-12-06,Credit card,Payment processing,North Bank,NY,Web,No,In progress,No
467,2024-05-01,Consumer loan,Communication,Union Lending,GA,Referral,Yes,Closed with explanation,No
468,2025-03-11,Debt collection,Communication,North Bank,NJ,Web,Yes,Closed with explanation,No
469,2024-05-12,Checking account,Account access,Metro Credit,NY,Web,No,In progress,Yes
470,2025-11-12,Mortgage,Unexpected fees,Capital Trust,NJ,Web,Yes,Closed with explanation,Yes
471,2025-06-22,Checking account,Account access,Capital Trust,CA,Web,Yes,Closed with explanation,No
472,2025-08-10,Debt collection,Account access,Capital Trust,NJ,Web,No,In progress,Yes
473,2024-11-11,Consumer loan,Unexpected fees,Metro Credit,GA,Web,Yes,Closed with explanation,No
474,2024-12-07,Checking account,Unexpected fees,Union Lending,IL,Referral,Yes,Closed with explanation,Yes
475,2025-04-08,Credit card,Communication,Union Lending,NY,Web,Yes,Closed with explanation,No
476,2025-07-26,Credit card,Unexpected fees,Metro Credit,FL,Web,Yes,Closed with explanation,No
477,2025-09-10,Checking account,Incorrect information,Capital Trust,FL,Web,Yes,Closed with explanation,No
478,2024-01-14,Debt collection,Payment processing,Capital Trust,NC,Phone,Yes,Closed with explanation,No
479,2025-04-29,Consumer loan,Payment processing,North Bank,CA,Web,Yes,Closed with explanation,No
480,2024-03-20,Credit card,Unexpected fees,Union Lending,GA,Web,Yes,Closed with explanation,No
481,2024-07-29,Debt collection,Payment processing,Horizon Finance,NC,Web,Yes,Closed with explanation,No
482,2025-08-28,Checking account,Communication,Union Lending,IL,Web,Yes,Closed with explanation,No
483,2024-07-01,Debt collection,Communication,Horizon Finance,GA,Web,Yes,Closed with explanation,No
484,2025-08-04,Credit card,Payment processing,Metro Credit,IL,Web,Yes,Closed with explanation,No
485,2024-12-03,Mortgage,Account access,North Bank,IL,Web,Yes,Closed with explanation,No
486,2024-06-18,Debt collection,Incorrect information,Horizon Finance,GA,Referral,Yes,Closed with explanation,No
487,2024-08-31,Credit card,Account access,Capital Trust,NC,Web,Yes,Closed with explanation,No
488,2025-01-22,Consumer loan,Communication,Capital Trust,GA,Web,Yes,Closed with explanation,No
489,2025-07-12,Debt collection,Communication,Metro Credit,NJ,Web,Yes,Closed with explanation,No
490,2025-03-18,Credit card,Payment processing,Capital Trust,IL,Referral,Yes,Closed with explanation,No
491,2025-11-12,Credit card,Communication,Metro Credit,NJ,Phone,No,In progress,No
492,2025-09-25,Consumer loan,Account access,Horizon Finance,NC,Web,Yes,Closed with explanation,No
493,2025-07-03,Checking account,Incorrect information,Metro Credit,TX,Referral,Yes,Closed with explanation,Yes
494,2025-03-16,Credit card,Account access,Horizon Finance,NJ,Web,Yes,Closed with explanation,No
495,2024-07-30,Checking account,Unexpected fees,Horizon Finance,GA,Web,Yes,Closed with explanation,Yes
496,2024-10-28,Consumer loan,Communication,Union Lending,NY,Phone,Yes,Closed with explanation,No
497,2024-03-27,Checking account,Payment processing,Horizon Finance,NJ,Phone,Yes,Closed with explanation,No
498,2024-09-30,Checking account,Account access,Horizon Finance,TX,Web,Yes,Closed with explanation,No
499,2025-11-07,Debt collection,Unexpected fees,Union Lending,GA,Web,Yes,Closed with explanation,No
500,2024-11-06,Mortgage,Incorrect information,Horizon Finance,IL,Web,Yes,Closed with explanation,No
501,2024-03-24,Debt collection,Incorrect information,Horizon Finance,NC,Web,Yes,Closed with explanation,No
502,2025-04-20,Checking account,Unexpected fees,North Bank,IL,Postal mail,Yes,Closed with explanation,No
503,2025-12-03,Debt collection,Unexpected fees,Capital Trust,IL,Web,Yes,Closed with explanation,No
504,2025-09-25,Mortgage,Unexpected fees,North Bank,IL,Postal mail,Yes,Closed with explanation,Yes
505,2024-07-19,Credit card,Communication,Capital Trust,IL,Web,No,In progress,No
506,2024-11-27,Debt collection,Payment processing,Union Lending,NC,Phone,Yes,Closed with explanation,No
507,2025-01-22,Checking account,Account access,Capital Trust,NJ,Referral,Yes,Closed with explanation,No
508,2024-06-29,Credit card,Incorrect information,North Bank,CA,Phone,Yes,Closed with explanation,No
509,2024-07-15,Credit card,Communication,Metro Credit,IL,Web,Yes,Closed with explanation,No
510,2024-06-21,Consumer loan,Payment processing,North Bank,FL,Web,Yes,Closed with explanation,No
511,2025-12-27,Credit card,Account access,Horizon Finance,TX,Web,Yes,Closed with explanation,No
512,2025-06-28,Checking account,Account access,Capital Trust,NJ,Web,Yes,Closed with explanation,No
513,2025-09-05,Credit card,Account access,Union Lending,NJ,Postal mail,Yes,Closed with explanation,No
514,2025-08-19,Checking account,Communication,Union Lending,NC,Web,Yes,Closed with explanation,No
515,2025-12-01,Checking account,Payment processing,Capital Trust,NY,Web,Yes,Closed with explanation,Yes
516,2024-03-17,Mortgage,Account access,North Bank,NY,Web,Yes,Closed with explanation,No
517,2025-10-05,Checking account,Payment processing,Union Lending,NJ,Web,Yes,Closed with explanation,No
518,2024-02-18,Credit card,Communication,Metro Credit,TX,Web,Yes,Closed with explanation,No
519,2024-12-13,Mortgage,Unexpected fees,Union Lending,CA,Web,Yes,Closed with explanation,No
520,2025-03-09,Checking account,Communication,Union Lending,NY,Phone,Yes,Closed with explanation,No
521,2024-09-18,Mortgage,Payment processing,Union Lending,GA,Web,Yes,Closed with explanation,No
522,2024-04-16,Credit card,Incorrect information,Horizon Finance,NY,Web,Yes,Closed with explanation,No
523,2024-05-20,Credit card,Communication,Union Lending,TX,Web,Yes,Closed with explanation,No
524,2025-08-25,Credit card,Payment processing,Horizon Finance,IL,Web,Yes,Closed with explanation,No
525,2024-08-20,Checking account,Unexpected fees,Union Lending,NC,Web,Yes,Closed with explanation,No
526,2024-08-14,Checking account,Unexpected fees,Horizon Finance,FL,Phone,Yes,Closed with explanation,No
527,2025-11-05,Debt collection,Communication,Metro Credit,NY,Web,Yes,Closed with explanation,No
528,2024-04-15,Checking account,Communication,Metro Credit,FL,Phone,Yes,Closed with explanation,No
529,2025-10-30,Mortgage,Incorrect information,Metro Credit,FL,Web,Yes,Closed with explanation,No
530,2025-11-03,Mortgage,Payment processing,Union Lending,GA,Web,No,In progress,No
531,2025-03-12,Credit card,Incorrect information,Capital Trust,FL,Postal mail,No,In progress,No
532,2024-04-30,Mortgage,Unexpected fees,North Bank,IL,Postal mail,Yes,Closed with explanation,No
533,2024-04-23,Checking account,Account access,North Bank,CA,Web,No,In progress,No
534,2024-07-26,Checking account,Unexpected fees,Horizon Finance,GA,Postal mail,Yes,Closed with explanation,No
535,2025-02-25,Credit card,Account access,Union Lending,CA,Phone,Yes,Closed with explanation,Yes
536,2024-04-22,Consumer loan,Account access,North Bank,NY,Web,Yes,Closed with explanation,No
537,2024-11-28,Debt collection,Account access,Metro Credit,NJ,Web,Yes,Closed with explanation,No
538,2024-03-25,Credit card,Communication,North Bank,FL,Web,Yes,Closed with explanation,No
539,2025-01-29,Mortgage,Incorrect information,North Bank,GA,Web,Yes,Closed with explanation,Yes
540,2024-01-16,Consumer loan,Payment processing,North Bank,FL,Postal mail,Yes,Closed with explanation,No
541,2025-06-01,Checking account,Unexpected fees,Union Lending,NC,Web,Yes,Closed with explanation,No
542,2024-02-10,Consumer loan,Incorrect information,Capital Trust,NC,Web,Yes,Closed with explanation,No
543,2024-05-22,Mortgage,Account access,Horizon Finance,NC,Web,Yes,Closed with explanation,No
544,2024-05-07,Debt collection,Unexpected fees,North Bank,NY,Web,Yes,Closed with explanation,No
545,2025-08-29,Debt collection,Incorrect information,Capital Trust,FL,Phone,Yes,Closed with explanation,No
546,2024-02-08,Credit card,Account access,Metro Credit,IL,Web,Yes,Closed with explanation,No
547,2024-11-09,Checking account,Communication,North Bank,NJ,Web,Yes,Closed with explanation,No
548,2025-03-07,Mortgage,Account access,North Bank,IL,Web,Yes,Closed with explanation,No
549,2025-01-11,Credit card,Payment processing,Metro Credit,GA,Phone,Yes,Closed with explanation,No
550,2025-05-11,Checking account,Incorrect information,Union Lending,NC,Phone,Yes,Closed with explanation,No
551,2025-08-09,Debt collection,Incorrect information,Metro Credit,NJ,Phone,Yes,Closed with explanation,No
552,2024-10-14,Credit card,Unexpected fees,Horizon Finance,FL,Web,Yes,Closed with explanation,No
553,2025-08-27,Checking account,Payment processing,Metro Credit,TX,Web,Yes,Closed with explanation,No
554,2024-08-20,Debt collection,Communication,Capital Trust,NY,Web,No,In progress,No
555,2025-12-19,Checking account,Incorrect information,Union Lending,IL,Phone,Yes,Closed with explanation,No
556,2025-01-03,Checking account,Account access,Union Lending,NJ,Web,Yes,Closed with explanation,No
557,2025-06-21,Debt collection,Unexpected fees,Horizon Finance,FL,Referral,Yes,Closed with explanation,No
558,2025-09-30,Checking account,Payment processing,Horizon Finance,TX,Web,Yes,Closed with explanation,No
559,2025-08-01,Credit card,Unexpected fees,Capital Trust,FL,Web,Yes,Closed with explanation,No
560,2025-09-13,Credit card,Account access,Union Lending,IL,Postal mail,No,In progress,No
561,2025-01-26,Debt collection,Communication,Capital Trust,TX,Web,Yes,Closed with explanation,No
562,2024-02-01,Credit card,Account access,North Bank,NY,Referral,Yes,Closed with explanation,No
563,2024-12-25,Mortgage,Payment processing,Capital Trust,FL,Web,Yes,Closed with explanation,No
564,2024-05-12,Credit card,Payment processing,Capital Trust,NC,Referral,Yes,Closed with explanation,No
565,2025-10-11,Checking account,Account access,Union Lending,IL,Web,Yes,Closed with explanation,No
566,2024-06-21,Debt collection,Unexpected fees,Capital Trust,GA,Referral,Yes,Closed with explanation,No
567,2024-06-15,Mortgage,Communication,Horizon Finance,IL,Phone,Yes,Closed with explanation,No
568,2024-07-01,Debt collection,Unexpected fees,Metro Credit,CA,Web,Yes,Closed with explanation,No
569,2025-04-14,Credit card,Communication,Union Lending,FL,Web,Yes,Closed with explanation,No
570,2025-02-20,Mortgage,Communication,Union Lending,NJ,Web,Yes,Closed with explanation,No
571,2025-11-23,Debt collection,Account access,North Bank,IL,Web,Yes,Closed with explanation,No
572,2024-10-30,Checking account,Communication,Metro Credit,GA,Postal mail,Yes,Closed with explanation,No
573,2024-07-25,Checking account,Payment processing,Metro Credit,NJ,Web,Yes,Closed with explanation,No
574,2024-02-05,Debt collection,Payment processing,Horizon Finance,IL,Phone,Yes,Closed with explanation,No
575,2024-01-06,Checking account,Incorrect information,North Bank,IL,Web,Yes,Closed with explanation,No
576,2024-09-29,Mortgage,Incorrect information,Union Lending,TX,Web,Yes,Closed with explanation,No
577,2025-11-06,Debt collection,Incorrect information,North Bank,TX,Postal mail,Yes,Closed with explanation,Yes
578,2025-01-17,Credit card,Incorrect information,Capital Trust,TX,Web,Yes,Closed with explanation,No
579,2025-10-14,Checking account,Communication,Union Lending,FL,Web,Yes,Closed with explanation,No
580,2024-03-15,Credit card,Incorrect information,Metro Credit,GA,Web,Yes,Closed with explanation,No
581,2024-03-09,Checking account,Incorrect information,Metro Credit,NC,Web,Yes,Closed with explanation,No
582,2025-08-31,Credit card,Communication,Union Lending,NY,Web,Yes,Closed with explanation,No
583,2024-03-18,Consumer loan,Unexpected fees,North Bank,IL,Phone,Yes,Closed with explanation,Yes
584,2024-02-07,Credit card,Communication,Union Lending,NJ,Web,No,In progress,No
585,2024-10-21,Consumer loan,Communication,Horizon Finance,GA,Phone,Yes,Closed with explanation,No
586,2025-11-06,Credit card,Account access,Metro Credit,FL,Web,Yes,Closed with explanation,No
587,2025-05-18,Checking account,Communication,Capital Trust,FL,Web,Yes,Closed with explanation,No
588,2024-03-13,Checking account,Communication,Union Lending,GA,Web,Yes,Closed with explanation,No
589,2025-09-03,Consumer loan,Incorrect information,North Bank,FL,Web,Yes,Closed with explanation,No
590,2025-09-07,Checking account,Incorrect information,Union Lending,TX,Phone,Yes,Closed with explanation,No
591,2025-08-07,Checking account,Unexpected fees,Horizon Finance,IL,Web,Yes,Closed with explanation,No
592,2025-10-20,Debt collection,Account access,Union Lending,GA,Web,Yes,Closed with explanation,Yes
593,2024-06-24,Mortgage,Payment processing,Horizon Finance,FL,Web,Yes,Closed with explanation,No
594,2025-12-16,Credit card,Incorrect information,Capital Trust,CA,Web,Yes,Closed with explanation,No
595,2024-08-22,Debt collection,Incorrect information,Capital Trust,NJ,Web,Yes,Closed with explanation,Yes
596,2025-08-08,Checking account,Unexpected fees,North Bank,NY,Web,Yes,Closed with explanation,No
597,2025-02-26,Credit card,Unexpected fees,Horizon Finance,GA,Web,Yes,Closed with explanation,Yes
598,2025-07-23,Mortgage,Communication,Metro Credit,TX,Web,Yes,Closed with explanation,No
599,2025-04-03,Credit card,Unexpected fees,Horizon Finance,FL,Phone,Yes,Closed with explanation,No
600,2025-04-14,Credit card,Communication,North Bank,IL,Phone,Yes,Closed with explanation,No
601,2025-03-25,Consumer loan,Incorrect information,Horizon Finance,CA,Web,Yes,Closed with explanation,No
602,2025-07-22,Credit card,Incorrect information,North Bank,FL,Web,Yes,Closed with explanation,No
603,2025-06-23,Debt collection,Communication,Union Lending,GA,Phone,No,In progress,No
604,2024-04-08,Debt collection,Unexpected fees,Horizon Finance,NJ,Web,Yes,Closed with explanation,No
605,2025-08-26,Mortgage,Incorrect information,Capital Trust,FL,Web,Yes,Closed with explanation,No
606,2025-01-26,Consumer loan,Account access,Capital Trust,CA,Web,Yes,Closed with explanation,Yes
607,2024-08-23,Consumer loan,Incorrect information,Union Lending,CA,Web,Yes,Closed with explanation,No
608,2025-01-10,Debt collection,Incorrect information,Horizon Finance,IL,Web,Yes,Closed with explanation,No
609,2025-12-06,Checking account,Account access,Union Lending,GA,Web,Yes,Closed with explanation,No
610,2025-09-18,Credit card,Account access,Union Lending,IL,Web,Yes,Closed with explanation,No
611,2025-08-31,Mortgage,Account access,North Bank,NY,Web,Yes,Closed with explanation,No
612,2024-12-03,Mortgage,Account access,Metro Credit,CA,Web,Yes,Closed with explanation,No
613,2025-07-26,Credit card,Incorrect information,Capital Trust,TX,Web,Yes,Closed with explanation,No
614,2024-10-08,Mortgage,Unexpected fees,Metro Credit,CA,Web,Yes,Closed with explanation,No
615,2025-05-15,Credit card,Unexpected fees,North Bank,NY,Web,Yes,Closed with explanation,No
616,2025-04-11,Debt collection,Unexpected fees,Capital Trust,FL,Phone,Yes,Closed with explanation,No
617,2024-07-01,Credit card,Account access,Capital Trust,CA,Postal mail,Yes,Closed with explanation,No
618,2024-07-13,Credit card,Unexpected fees,Union Lending,IL,Web,Yes,Closed with explanation,No
619,2024-02-14,Credit card,Payment processing,Union Lending,FL,Web,No,In progress,No
620,2024-04-12,Credit card,Communication,Metro Credit,NC,Web,Yes,Closed with explanation,No
621,2024-11-12,Checking account,Payment processing,Metro Credit,NY,Referral,Yes,Closed with explanation,No
622,2024-12-14,Credit card,Unexpected fees,Capital Trust,CA,Web,Yes,Closed with explanation,No
623,2024-04-30,Checking account,Account access,Capital Trust,GA,Web,Yes,Closed with explanation,No
624,2024-10-31,Credit card,Account access,Horizon Finance,GA,Phone,Yes,Closed with explanation,No
625,2025-03-17,Checking account,Payment processing,Metro Credit,NC,Web,Yes,Closed with explanation,No
626,2024-06-18,Checking account,Unexpected fees,North Bank,GA,Web,No,In progress,No
627,2024-09-03,Checking account,Incorrect information,North Bank,FL,Web,Yes,Closed with explanation,No
628,2024-09-25,Checking account,Payment processing,Horizon Finance,GA,Web,Yes,Closed with explanation,No
629,2025-01-03,Credit card,Payment processing,Horizon Finance,NJ,Phone,Yes,Closed with explanation,No
630,2024-09-24,Credit card,Incorrect information,Union Lending,IL,Web,Yes,Closed with explanation,No
631,2025-06-21,Credit card,Payment processing,Capital Trust,NJ,Web,Yes,Closed with explanation,No
632,2024-08-27,Consumer loan,Incorrect information,Metro Credit,NC,Web,Yes,Closed with explanation,No
633,2024-11-12,Debt collection,Payment processing,North Bank,NJ,Web,Yes,Closed with explanation,No
634,2024-10-04,Debt collection,Payment processing,Capital Trust,IL,Referral,Yes,Closed with explanation,No
635,2024-05-13,Mortgage,Incorrect information,Union Lending,NY,Phone,Yes,Closed with explanation,No
636,2025-05-15,Mortgage,Payment processing,Horizon Finance,NJ,Referral,Yes,Closed with explanation,No
637,2024-06-20,Checking account,Incorrect information,North Bank,NJ,Phone,No,In progress,No
638,2024-08-04,Consumer loan,Unexpected fees,Horizon Finance,FL,Web,No,In progress,Yes
639,2025-08-01,Consumer loan,Payment processing,Union Lending,CA,Web,Yes,Closed with explanation,No
640,2025-11-23,Debt collection,Unexpected fees,Capital Trust,NJ,Web,Yes,Closed with explanation,No
641,2025-05-04,Debt collection,Communication,Horizon Finance,TX,Web,Yes,Closed with explanation,No
642,2025-10-30,Checking account,Communication,Horizon Finance,NC,Web,Yes,Closed with explanation,No
643,2025-09-15,Consumer loan,Communication,Metro Credit,CA,Web,Yes,Closed with explanation,No
644,2024-12-17,Debt collection,Incorrect information,Horizon Finance,NC,Web,Yes,Closed with explanation,No
645,2025-07-16,Checking account,Incorrect information,North Bank,GA,Referral,Yes,Closed with explanation,No
646,2024-08-27,Debt collection,Incorrect information,North Bank,FL,Web,Yes,Closed with explanation,No
647,2024-12-02,Credit card,Account access,Union Lending,CA,Web,Yes,Closed with explanation,No
648,2025-01-25,Debt collection,Account access,Metro Credit,NJ,Phone,Yes,Closed with explanation,No
649,2025-12-02,Consumer loan,Payment processing,Capital Trust,CA,Web,Yes,Closed with explanation,No
650,2025-09-11,Credit card,Unexpected fees,Metro Credit,CA,Web,Yes,Closed with explanation,Yes
651,2024-12-23,Mortgage,Incorrect information,Capital Trust,NJ,Web,Yes,Closed with explanation,No
652,2025-04-21,Credit card,Payment processing,North Bank,GA,Phone,Yes,Closed with explanation,No
653,2024-05-27,Consumer loan,Payment processing,North Bank,TX,Referral,Yes,Closed with explanation,No
654,2025-08-10,Consumer loan,Payment processing,Horizon Finance,FL,Web,Yes,Closed with explanation,No
655,2025-02-07,Mortgage,Unexpected fees,Capital Trust,GA,Web,No,In progress,No
656,2025-01-23,Debt collection,Account access,North Bank,GA,Web,No,In progress,No
657,2025-07-13,Credit card,Communication,Horizon Finance,FL,Web,Yes,Closed with explanation,No
658,2025-04-07,Checking account,Payment processing,Metro Credit,NY,Phone,Yes,Closed with explanation,No
659,2024-02-22,Checking account,Communication,Union Lending,CA,Phone,Yes,Closed with explanation,No
660,2024-07-29,Credit card,Account access,Horizon Finance,CA,Phone,Yes,Closed with explanation,No
661,2024-05-09,Checking account,Incorrect information,Union Lending,NC,Postal mail,Yes,Closed with explanation,No
662,2025-06-20,Credit card,Payment processing,Metro Credit,TX,Web,Yes,Closed with explanation,No
663,2024-01-26,Checking account,Account access,Metro Credit,NC,Referral,Yes,Closed with explanation,No
664,2024-05-27,Checking account,Incorrect information,Union Lending,CA,Web,Yes,Closed with explanation,No
665,2025-03-12,Debt collection,Incorrect information,Metro Credit,NC,Web,Yes,Closed with explanation,No
666,2025-05-22,Checking account,Unexpected fees,Union Lending,NY,Phone,Yes,Closed with explanation,No
667,2025-01-02,Debt collection,Incorrect information,North Bank,NJ,Phone,Yes,Closed with explanation,No
668,2025-09-20,Checking account,Payment processing,Metro Credit,NJ,Postal mail,Yes,Closed with explanation,No
669,2025-11-01,Checking account,Payment processing,North Bank,FL,Web,Yes,Closed with explanation,No
670,2024-04-06,Mortgage,Unexpected fees,North Bank,GA,Web,Yes,Closed with explanation,No
671,2025-11-26,Checking account,Incorrect information,Metro Credit,FL,Referral,Yes,Closed with explanation,No
672,2025-03-24,Credit card,Incorrect information,Horizon Finance,NJ,Web,Yes,Closed with explanation,No
673,2025-04-09,Mortgage,Communication,North Bank,NC,Web,Yes,Closed with explanation,No
674,2024-03-10,Credit card,Unexpected fees,North Bank,NJ,Web,No,In progress,No
675,2025-03-29,Checking account,Incorrect information,Capital Trust,GA,Web,Yes,Closed with explanation,Yes
676,2025-06-13,Mortgage,Payment processing,Horizon Finance,FL,Web,No,In progress,No
677,2025-02-27,Checking account,Communication,Union Lending,CA,Phone,Yes,Closed with explanation,No
678,2024-03-02,Debt collection,Incorrect information,Union Lending,IL,Web,No,In progress,No
679,2025-01-16,Credit card,Communication,North Bank,TX,Phone,Yes,Closed with explanation,No
680,2025-11-14,Debt collection,Payment processing,Union Lending,IL,Phone,Yes,Closed with explanation,No
681,2025-06-12,Consumer loan,Unexpected fees,Capital Trust,NJ,Web,Yes,Closed with explanation,No
682,2024-04-10,Debt collection,Payment processing,Horizon Finance,CA,Web,Yes,Closed with explanation,No
683,2025-12-01,Debt collection,Account access,Capital Trust,NC,Web,No,In progress,No
684,2025-11-30,Credit card,Payment processing,Capital Trust,IL,Phone,Yes,Closed with explanation,Yes
685,2024-05-03,Mortgage,Incorrect information,Horizon Finance,CA,Web,No,In progress,No
686,2025-08-07,Credit card,Unexpected fees,North Bank,GA,Web,Yes,Closed with explanation,No
687,2024-10-23,Debt collection,Payment processing,Union Lending,CA,Postal mail,No,In progress,No
688,2025-03-09,Mortgage,Communication,Capital Trust,IL,Web,Yes,Closed with explanation,No
689,2024-11-20,Credit card,Incorrect information,Horizon Finance,IL,Web,Yes,Closed with explanation,No
690,2025-07-25,Debt collection,Unexpected fees,Capital Trust,GA,Postal mail,Yes,Closed with explanation,No
691,2025-12-28,Credit card,Payment processing,Horizon Finance,NY,Web,Yes,Closed with explanation,No
692,2025-08-03,Mortgage,Communication,Horizon Finance,CA,Web,Yes,Closed with explanation,No
693,2025-11-10,Consumer loan,Payment processing,Capital Trust,NY,Web,Yes,Closed with explanation,No
694,2025-11-21,Credit card,Payment processing,North Bank,NJ,Phone,Yes,Closed with explanation,No
695,2024-03-06,Mortgage,Unexpected fees,Horizon Finance,NC,Referral,Yes,Closed with explanation,No
696,2024-07-03,Debt collection,Incorrect information,North Bank,TX,Phone,Yes,Closed with explanation,No
697,2025-06-10,Credit card,Payment processing,Union Lending,FL,Postal mail,Yes,Closed with explanation,No
698,2025-03-06,Mortgage,Payment processing,Capital Trust,NC,Web,Yes,Closed with explanation,No
699,2024-02-06,Credit card,Account access,Capital Trust,FL,Web,Yes,Closed with explanation,No
700,2024-03-10,Mortgage,Account access,Metro Credit,TX,Web,Yes,Closed with explanation,No
701,2025-01-14,Credit card,Unexpected fees,Union Lending,NJ,Referral,Yes,Closed with explanation,Yes
702,2025-03-25,Debt collection,Account access,Capital Trust,NY,Postal mail,Yes,Closed with explanation,No
703,2024-05-02,Debt collection,Unexpected fees,Capital Trust,IL,Web,Yes,Closed with explanation,No
704,2024-05-05,Credit card,Account access,Horizon Finance,NY,Referral,Yes,Closed with explanation,No
705,2024-04-04,Checking account,Incorrect information,North Bank,IL,Web,Yes,Closed with explanation,No
706,2025-02-16,Mortgage,Payment processing,Horizon Finance,FL,Web,No,In progress,No
707,2024-01-06,Consumer loan,Unexpected fees,Union Lending,GA,Web,No,In progress,No
708,2025-02-21,Checking account,Payment processing,Union Lending,FL,Postal mail,Yes,Closed with explanation,No
709,2024-12-13,Credit card,Account access,Metro Credit,IL,Web,No,In progress,No
710,2024-12-06,Credit card,Communication,Metro Credit,TX,Web,No,In progress,No
711,2025-05-10,Debt collection,Unexpected fees,Union Lending,CA,Postal mail,Yes,Closed with explanation,No
712,2025-01-16,Checking account,Unexpected fees,Horizon Finance,IL,Web,Yes,Closed with explanation,No
713,2025-06-15,Debt collection,Unexpected fees,Horizon Finance,TX,Web,Yes,Closed with explanation,No
714,2025-07-11,Checking account,Payment processing,Capital Trust,NC,Phone,Yes,Closed with explanation,No
715,2025-11-02,Debt collection,Incorrect information,North Bank,NC,Web,Yes,Closed with explanation,No
716,2025-08-06,Credit card,Payment processing,Metro Credit,FL,Web,Yes,Closed with explanation,Yes
717,2025-01-12,Credit card,Communication,Capital Trust,FL,Web,Yes,Closed with explanation,No
718,2024-12-25,Debt collection,Payment processing,Capital Trust,IL,Referral,No,In progress,No
719,2024-06-21,Debt collection,Incorrect information,Metro Credit,TX,Web,Yes,Closed with explanation,No
720,2025-03-13,Checking account,Account access,Capital Trust,NJ,Phone,Yes,Closed with explanation,No
721,2024-04-11,Checking account,Account access,Metro Credit,CA,Referral,Yes,Closed with explanation,No
722,2025-11-10,Checking account,Unexpected fees,North Bank,NY,Web,Yes,Closed with explanation,No
723,2025-09-08,Checking account,Account access,Metro Credit,TX,Referral,Yes,Closed with explanation,No
724,2024-03-28,Credit card,Payment processing,Horizon Finance,NJ,Phone,Yes,Closed with explanation,No
725,2025-07-27,Debt collection,Communication,North Bank,TX,Postal mail,Yes,Closed with explanation,No
726,2024-03-26,Credit card,Unexpected fees,North Bank,NY,Web,Yes,Closed with explanation,No
727,2025-06-10,Consumer loan,Unexpected fees,Union Lending,NJ,Web,Yes,Closed with explanation,No
728,2024-03-05,Credit card,Unexpected fees,Union Lending,NY,Phone,No,In progress,Yes
729,2024-12-22,Credit card,Account access,Union Lending,TX,Referral,Yes,Closed with explanation,No
730,2025-04-25,Mortgage,Account access,Capital Trust,TX,Postal mail,Yes,Closed with explanation,No
731,2025-06-16,Checking account,Payment processing,Metro Credit,IL,Web,Yes,Closed with explanation,No
732,2024-11-01,Mortgage,Unexpected fees,Capital Trust,CA,Web,Yes,Closed with explanation,No
733,2025-11-03,Credit card,Unexpected fees,Metro Credit,FL,Web,Yes,Closed with explanation,No
734,2025-07-19,Debt collection,Incorrect information,Capital Trust,IL,Phone,Yes,Closed with explanation,No
735,2024-06-01,Consumer loan,Incorrect information,Union Lending,NY,Referral,Yes,Closed with explanation,No
736,2025-05-04,Debt collection,Incorrect information,Metro Credit,NJ,Phone,Yes,Closed with explanation,No
737,2025-06-17,Credit card,Unexpected fees,Metro Credit,GA,Web,Yes,Closed with explanation,No
738,2024-08-31,Checking account,Payment processing,Horizon Finance,TX,Postal mail,Yes,Closed with explanation,No
739,2025-06-22,Checking account,Payment processing,Horizon Finance,NJ,Web,Yes,Closed with explanation,No
740,2025-10-17,Mortgage,Communication,Metro Credit,NC,Web,Yes,Closed with explanation,No
741,2025-08-19,Checking account,Account access,Metro Credit,TX,Web,Yes,Closed with explanation,Yes
742,2025-07-10,Credit card,Account access,Capital Trust,FL,Web,Yes,Closed with explanation,No
743,2025-04-08,Checking account,Communication,Union Lending,NY,Phone,Yes,Closed with explanation,No
744,2024-07-16,Credit card,Incorrect information,North Bank,NY,Web,Yes,Closed with explanation,No
745,2025-08-03,Checking account,Payment processing,Union Lending,NY,Web,Yes,Closed with explanation,No
746,2024-09-22,Credit card,Communication,North Bank,NC,Web,Yes,Closed with explanation,No
747,2025-01-23,Credit card,Account access,Horizon Finance,GA,Web,Yes,Closed with explanation,No
748,2024-08-17,Mortgage,Unexpected fees,North Bank,NC,Phone,Yes,Closed with explanation,Yes
749,2024-08-16,Checking account,Payment processing,Union Lending,FL,Web,Yes,Closed with explanation,No
750,2024-04-25,Checking account,Communication,North Bank,IL,Web,Yes,Closed with explanation,Yes
751,2025-12-02,Mortgage,Unexpected fees,Metro Credit,CA,Web,Yes,Closed with explanation,No
752,2024-04-17,Consumer loan,Account access,North Bank,FL,Phone,No,In progress,Yes
753,2024-03-03,Checking account,Incorrect information,North Bank,IL,Web,Yes,Closed with explanation,No
754,2025-11-14,Mortgage,Unexpected fees,North Bank,TX,Web,Yes,Closed with explanation,No
755,2025-02-09,Debt collection,Payment processing,Horizon Finance,NC,Web,Yes,Closed with explanation,No
756,2024-11-15,Mortgage,Account access,Capital Trust,FL,Web,Yes,Closed with explanation,No
757,2025-06-22,Debt collection,Incorrect information,Metro Credit,TX,Web,Yes,Closed with explanation,No
758,2024-10-06,Consumer loan,Unexpected fees,Union Lending,NJ,Web,Yes,Closed with explanation,No
759,2024-04-03,Credit card,Incorrect information,Horizon Finance,CA,Phone,Yes,Closed with explanation,No
760,2025-06-16,Checking account,Payment processing,Metro Credit,FL,Web,Yes,Closed with explanation,No
761,2024-05-08,Consumer loan,Communication,North Bank,TX,Web,Yes,Closed with explanation,No
762,2025-02-07,Debt collection,Incorrect information,Union Lending,GA,Postal mail,Yes,Closed with explanation,Yes
763,2025-11-23,Checking account,Unexpected fees,North Bank,NJ,Web,Yes,Closed with explanation,No
764,2025-11-14,Credit card,Communication,Horizon Finance,TX,Web,Yes,Closed with explanation,No
765,2024-09-20,Mortgage,Communication,North Bank,NY,Web,Yes,Closed with explanation,No
766,2025-07-23,Credit card,Payment processing,Union Lending,NY,Web,No,In progress,No
767,2025-03-23,Consumer loan,Payment processing,Capital Trust,GA,Web,Yes,Closed with explanation,No
768,2024-12-15,Mortgage,Communication,Metro Credit,FL,Referral,Yes,Closed with explanation,No
769,2024-04-12,Consumer loan,Unexpected fees,Metro Credit,IL,Web,Yes,Closed with explanation,No
770,2024-10-01,Debt collection,Communication,Horizon Finance,IL,Phone,Yes,Closed with explanation,No
771,2025-04-20,Mortgage,Communication,Horizon Finance,CA,Postal mail,Yes,Closed with explanation,No
772,2025-12-21,Mortgage,Unexpected fees,Metro Credit,IL,Web,Yes,Closed with explanation,No
773,2024-01-04,Consumer loan,Incorrect information,Metro Credit,IL,Phone,Yes,Closed with explanation,No
774,2025-06-07,Debt collection,Account access,North Bank,NC,Web,Yes,Closed with explanation,No
775,2025-09-09,Debt collection,Payment processing,Metro Credit,IL,Web,Yes,Closed with explanation,No
776,2025-11-25,Credit card,Communication,Horizon Finance,NC,Referral,Yes,Closed with explanation,No
777,2024-11-05,Mortgage,Incorrect information,Union Lending,FL,Web,Yes,Closed with explanation,No
778,2024-03-27,Credit card,Unexpected fees,Union Lending,GA,Postal mail,Yes,Closed with explanation,No
779,2024-07-16,Debt collection,Payment processing,Horizon Finance,NC,Web,Yes,Closed with explanation,No
780,2025-09-12,Mortgage,Incorrect information,Union Lending,TX,Web,Yes,Closed with explanation,No
781,2025-10-02,Checking account,Payment processing,Horizon Finance,IL,Web,Yes,Closed with explanation,No
782,2025-04-10,Credit card,Unexpected fees,Metro Credit,NC,Web,Yes,Closed with explanation,No
783,2024-03-30,Checking account,Incorrect information,Metro Credit,IL,Web,Yes,Closed with explanation,No
784,2024-03-30,Consumer loan,Unexpected fees,Horizon Finance,NC,Web,Yes,Closed with explanation,No
785,2024-12-15,Credit card,Payment processing,Metro Credit,NY,Web,Yes,Closed with explanation,No
786,2025-03-05,Credit card,Communication,Union Lending,NC,Web,Yes,Closed with explanation,No
787,2024-01-24,Debt collection,Incorrect information,North Bank,GA,Postal mail,Yes,Closed with explanation,No
788,2025-05-15,Consumer loan,Account access,North Bank,NY,Web,Yes,Closed with explanation,No
789,2025-02-01,Credit card,Unexpected fees,Horizon Finance,TX,Web,Yes,Closed with explanation,No
790,2024-01-09,Checking account,Payment processing,North Bank,TX,Phone,Yes,Closed with explanation,No
791,2024-03-10,Debt collection,Payment processing,North Bank,FL,Phone,Yes,Closed with explanation,No
792,2024-11-27,Consumer loan,Communication,Metro Credit,NJ,Referral,Yes,Closed with explanation,No
793,2025-06-11,Mortgage,Unexpected fees,North Bank,NY,Postal mail,Yes,Closed with explanation,No
794,2025-08-25,Checking account,Unexpected fees,Metro Credit,NY,Web,Yes,Closed with explanation,Yes
795,2024-11-10,Checking account,Unexpected fees,Horizon Finance,NY,Web,Yes,Closed with explanation,No
796,2024-08-03,Credit card,Payment processing,Metro Credit,FL,Phone,Yes,Closed with explanation,No
797,2025-12-07,Consumer loan,Account access,Capital Trust,NJ,Web,Yes,Closed with explanation,No
798,2024-11-30,Credit card,Incorrect information,North Bank,NY,Phone,Yes,Closed with explanation,No
799,2024-08-18,Credit card,Communication,Union Lending,NY,Web,Yes,Closed with explanation,Yes
800,2024-11-18,Consumer loan,Incorrect information,Horizon Finance,IL,Referral,Yes,Closed with explanation,No
801,2024-01-09,Debt collection,Communication,Union Lending,GA,Phone,Yes,Closed with explanation,No
802,2024-08-08,Consumer loan,Incorrect information,Union Lending,FL,Web,Yes,Closed with explanation,No
803,2025-01-11,Checking account,Account access,North Bank,CA,Web,Yes,Closed with explanation,No
804,2025-11-01,Checking account,Unexpected fees,Union Lending,GA,Postal mail,Yes,Closed with explanation,No
805,2025-06-22,Checking account,Payment processing,Metro Credit,IL,Phone,No,In progress,No
806,2025-07-24,Checking account,Account access,Union Lending,GA,Phone,Yes,Closed with explanation,No
807,2025-02-01,Mortgage,Unexpected fees,Metro Credit,IL,Referral,Yes,Closed with explanation,No
808,2024-03-21,Checking account,Account access,Metro Credit,IL,Web,Yes,Closed with explanation,No
809,2024-10-12,Mortgage,Communication,Union Lending,NC,Web,Yes,Closed with explanation,No
810,2025-12-28,Debt collection,Unexpected fees,Capital Trust,CA,Web,Yes,Closed with explanation,No
811,2024-02-02,Debt collection,Unexpected fees,Capital Trust,CA,Web,Yes,Closed with explanation,No
812,2025-10-03,Credit card,Incorrect information,Union Lending,NC,Web,Yes,Closed with explanation,No
813,2025-05-14,Checking account,Payment processing,Horizon Finance,NC,Web,Yes,Closed with explanation,Yes
814,2024-07-26,Credit card,Payment processing,Horizon Finance,NY,Postal mail,Yes,Closed with explanation,No
815,2025-07-21,Checking account,Payment processing,Capital Trust,IL,Web,Yes,Closed with explanation,No
816,2025-09-02,Checking account,Incorrect information,Metro Credit,NY,Phone,Yes,Closed with explanation,No
817,2024-02-01,Credit card,Payment processing,Capital Trust,NC,Web,No,In progress,No
818,2024-03-18,Consumer loan,Communication,Union Lending,NY,Web,Yes,Closed with explanation,No
819,2025-04-30,Mortgage,Communication,Union Lending,NJ,Web,Yes,Closed with explanation,No
820,2025-12-30,Debt collection,Communication,Horizon Finance,FL,Phone,Yes,Closed with explanation,No
821,2024-01-18,Credit card,Unexpected fees,Capital Trust,NY,Phone,Yes,Closed with explanation,Yes
822,2025-04-30,Credit card,Payment processing,Union Lending,GA,Web,Yes,Closed with explanation,No
823,2024-04-09,Checking account,Account access,North Bank,NY,Web,Yes,Closed with explanation,Yes
824,2025-04-19,Credit card,Account access,Union Lending,CA,Web,No,In progress,No
825,2025-03-31,Credit card,Unexpected fees,Union Lending,TX,Web,Yes,Closed with explanation,No
826,2024-03-07,Debt collection,Payment processing,Capital Trust,NJ,Web,No,In progress,Yes
827,2025-05-11,Credit card,Communication,Capital Trust,FL,Web,Yes,Closed with explanation,No
828,2025-10-16,Credit card,Payment processing,Capital Trust,CA,Referral,Yes,Closed with explanation,No
829,2025-09-22,Mortgage,Communication,North Bank,NC,Phone,Yes,Closed with explanation,No
830,2024-01-22,Mortgage,Communication,Union Lending,NC,Web,Yes,Closed with explanation,No
831,2024-06-28,Mortgage,Incorrect information,Capital Trust,NY,Phone,Yes,Closed with explanation,No
832,2024-06-24,Checking account,Communication,Capital Trust,GA,Web,Yes,Closed with explanation,No
833,2024-11-26,Debt collection,Communication,Horizon Finance,NJ,Postal mail,Yes,Closed with explanation,Yes
834,2024-04-14,Credit card,Account access,Capital Trust,CA,Web,Yes,Closed with explanation,No
835,2025-09-15,Checking account,Payment processing,Capital Trust,FL,Web,Yes,Closed with explanation,No
836,2025-07-21,Consumer loan,Payment processing,North Bank,IL,Phone,Yes,Closed with explanation,No
837,2025-08-13,Debt collection,Payment processing,Capital Trust,IL,Web,Yes,Closed with explanation,No
838,2024-05-24,Checking account,Communication,Union Lending,FL,Referral,Yes,Closed with explanation,No
839,2024-01-11,Mortgage,Incorrect information,Horizon Finance,CA,Postal mail,Yes,Closed with explanation,No
840,2025-10-26,Credit card,Incorrect information,North Bank,NC,Phone,Yes,Closed with explanation,No
841,2024-07-29,Credit card,Unexpected fees,Capital Trust,IL,Web,Yes,Closed with explanation,No
842,2025-04-24,Credit card,Account access,Metro Credit,NJ,Web,No,In progress,No
843,2025-10-25,Consumer loan,Communication,Horizon Finance,NY,Web,Yes,Closed with explanation,No
844,2024-01-27,Checking account,Payment processing,Metro Credit,IL,Web,Yes,Closed with explanation,No
845,2024-01-04,Consumer loan,Incorrect information,Capital Trust,NY,Referral,Yes,Closed with explanation,No
846,2024-01-04,Credit card,Payment processing,Horizon Finance,NY,Web,No,In progress,No
847,2024-04-24,Debt collection,Account access,North Bank,GA,Web,Yes,Closed with explanation,No
848,2024-02-07,Debt collection,Unexpected fees,North Bank,NC,Web,Yes,Closed with explanation,No
849,2025-08-21,Credit card,Payment processing,Capital Trust,NJ,Postal mail,Yes,Closed with explanation,Yes
850,2025-03-18,Credit card,Unexpected fees,Metro Credit,GA,Postal mail,Yes,Closed with explanation,Yes
851,2025-12-16,Credit card,Payment processing,Union Lending,CA,Web,Yes,Closed with explanation,No
852,2025-08-08,Debt collection,Incorrect information,North Bank,IL,Web,Yes,Closed with explanation,No
853,2025-12-04,Credit card,Unexpected fees,Capital Trust,NC,Phone,Yes,Closed with explanation,No
854,2024-06-23,Mortgage,Account access,Union Lending,NY,Web,Yes,Closed with explanation,No
855,2024-07-29,Checking account,Payment processing,Metro Credit,IL,Postal mail,Yes,Closed with explanation,No
856,2025-09-12,Consumer loan,Communication,Capital Trust,FL,Referral,Yes,Closed with explanation,No
857,2024-06-27,Checking account,Unexpected fees,Metro Credit,TX,Phone,Yes,Closed with explanation,No
858,2024-02-11,Mortgage,Communication,Capital Trust,GA,Web,Yes,Closed with explanation,No
859,2025-05-03,Debt collection,Communication,Horizon Finance,FL,Phone,Yes,Closed with explanation,No
860,2025-08-07,Credit card,Unexpected fees,Horizon Finance,IL,Postal mail,Yes,Closed with explanation,No
861,2025-12-07,Debt collection,Incorrect information,North Bank,IL,Web,Yes,Closed with explanation,No
862,2025-11-08,Credit card,Unexpected fees,Metro Credit,NJ,Referral,No,In progress,No
863,2024-03-28,Checking account,Payment processing,North Bank,NC,Web,Yes,Closed with explanation,No
864,2025-07-17,Debt collection,Payment processing,Capital Trust,IL,Postal mail,Yes,Closed with explanation,No
865,2025-09-09,Mortgage,Payment processing,North Bank,CA,Web,Yes,Closed with explanation,No
866,2025-05-24,Consumer loan,Payment processing,North Bank,IL,Web,Yes,Closed with explanation,No
867,2025-08-21,Credit card,Incorrect information,North Bank,NC,Web,Yes,Closed with explanation,No
868,2025-09-03,Checking account,Account access,Capital Trust,NY,Web,Yes,Closed with explanation,No
869,2024-11-21,Checking account,Communication,Capital Trust,IL,Web,Yes,Closed with explanation,No
870,2024-01-30,Mortgage,Unexpected fees,Union Lending,NJ,Referral,Yes,Closed with explanation,No
871,2024-11-29,Checking account,Communication,North Bank,NY,Web,Yes,Closed with explanation,No
872,2024-05-27,Checking account,Incorrect information,Horizon Finance,NY,Postal mail,Yes,Closed with explanation,No
873,2024-03-24,Checking account,Communication,Capital Trust,NY,Web,No,In progress,Yes
874,2024-04-01,Credit card,Payment processing,North Bank,NJ,Phone,Yes,Closed with explanation,No
875,2025-05-24,Checking account,Payment processing,Union Lending,NY,Postal mail,Yes,Closed with explanation,No
876,2025-01-03,Credit card,Payment processing,North Bank,FL,Web,Yes,Closed with explanation,No
877,2025-01-29,Debt collection,Communication,Capital Trust,IL,Referral,Yes,Closed with explanation,No
878,2025-06-27,Mortgage,Unexpected fees,Horizon Finance,GA,Postal mail,Yes,Closed with explanation,No
879,2025-02-04,Credit card,Incorrect information,Capital Trust,NC,Web,Yes,Closed with explanation,No
880,2025-04-04,Consumer loan,Communication,Horizon Finance,NC,Phone,Yes,Closed with explanation,No
881,2024-03-03,Debt collection,Incorrect information,Union Lending,NJ,Web,Yes,Closed with explanation,No
882,2025-09-13,Credit card,Payment processing,Capital Trust,NJ,Web,Yes,Closed with explanation,No
883,2024-11-23,Credit card,Unexpected fees,Metro Credit,NY,Web,Yes,Closed with explanation,No
884,2024-04-23,Credit card,Communication,Union Lending,FL,Referral,Yes,Closed with explanation,No
885,2025-08-16,Credit card,Communication,Horizon Finance,IL,Phone,Yes,Closed with explanation,No
886,2025-06-20,Consumer loan,Account access,Horizon Finance,GA,Web,Yes,Closed with explanation,No
887,2024-02-08,Debt collection,Account access,Union Lending,IL,Postal mail,No,In progress,No
888,2024-05-20,Credit card,Account access,Metro Credit,TX,Web,Yes,Closed with explanation,No
889,2024-01-12,Consumer loan,Account access,North Bank,CA,Postal mail,Yes,Closed with explanation,No
890,2024-07-16,Credit card,Communication,Horizon Finance,CA,Web,Yes,Closed with explanation,No
891,2024-03-13,Mortgage,Unexpected fees,Capital Trust,NY,Web,Yes,Closed with explanation,No
892,2025-06-02,Consumer loan,Communication,North Bank,NJ,Web,Yes,Closed with explanation,No
893,2025-01-16,Checking account,Payment processing,Metro Credit,NJ,Web,Yes,Closed with explanation,No
894,2025-12-16,Credit card,Communication,Union Lending,NJ,Phone,Yes,Closed with explanation,No
895,2025-07-01,Mortgage,Payment processing,Horizon Finance,GA,Phone,Yes,Closed with explanation,Yes
896,2025-03-22,Debt collection,Communication,Union Lending,CA,Referral,Yes,Closed with explanation,No
897,2025-01-06,Credit card,Account access,Horizon Finance,NC,Web,Yes,Closed with explanation,No
898,2024-02-09,Credit card,Account access,Capital Trust,NC,Web,Yes,Closed with explanation,No
899,2024-02-21,Credit card,Unexpected fees,Capital Trust,NJ,Web,Yes,Closed with explanation,No
900,2025-03-25,Mortgage,Unexpected fees,Horizon Finance,NY,Web,No,In progress,No
901,2024-01-04,Mortgage,Incorrect information,Horizon Finance,TX,Web,Yes,Closed with explanation,No
902,2024-01-31,Consumer loan,Unexpected fees,Metro Credit,NC,Web,Yes,Closed with explanation,No
903,2024-06-08,Consumer loan,Communication,Horizon Finance,TX,Referral,Yes,Closed with explanation,No
904,2025-10-07,Debt collection,Communication,Capital Trust,NJ,Postal mail,No,In progress,No
905,2024-12-01,Debt collection,Payment processing,Horizon Finance,NC,Referral,Yes,Closed with explanation,No
906,2025-06-01,Credit card,Unexpected fees,Union Lending,NC,Web,Yes,Closed with explanation,No
907,2024-10-27,Mortgage,Account access,Horizon Finance,IL,Web,Yes,Closed with explanation,No
908,2024-05-06,Checking account,Payment processing,Union Lending,NJ,Web,Yes,Closed with explanation,No
909,2024-09-27,Checking account,Incorrect information,Union Lending,NJ,Web,Yes,Closed with explanation,No
910,2024-03-07,Debt collection,Communication,Horizon Finance,NC,Web,Yes,Closed with explanation,No
911,2025-07-16,Consumer loan,Communication,Capital Trust,FL,Postal mail,Yes,Closed with explanation,No
912,2024-05-13,Debt collection,Communication,Capital Trust,GA,Web,Yes,Closed with explanation,No
913,2024-10-01,Checking account,Incorrect information,North Bank,NJ,Web,Yes,Closed with explanation,No
914,2025-12-16,Mortgage,Communication,Metro Credit,TX,Web,Yes,Closed with explanation,No
915,2025-03-08,Checking account,Payment processing,Capital Trust,TX,Postal mail,Yes,Closed with explanation,Yes
916,2024-11-30,Credit card,Account access,Horizon Finance,NY,Web,Yes,Closed with explanation,No
917,2025-01-31,Credit card,Incorrect information,Metro Credit,FL,Phone,No,In progress,No
918,2025-07-26,Mortgage,Account access,Union Lending,NJ,Web,Yes,Closed with explanation,No
919,2024-07-04,Credit card,Unexpected fees,Union Lending,NC,Web,Yes,Closed with explanation,No
920,2025-04-09,Debt collection,Communication,North Bank,TX,Referral,Yes,Closed with explanation,Yes
921,2025-09-29,Credit card,Unexpected fees,North Bank,FL,Web,Yes,Closed with explanation,No
922,2025-02-21,Credit card,Unexpected fees,Capital Trust,NC,Phone,Yes,Closed with explanation,No
923,2024-11-21,Consumer loan,Communication,Union Lending,IL,Web,Yes,Closed with explanation,No
924,2024-04-15,Credit card,Incorrect information,Metro Credit,TX,Web,No,In progress,No
925,2024-06-30,Debt collection,Communication,Capital Trust,IL,Web,Yes,Closed with explanation,No
926,2025-11-21,Consumer loan,Communication,North Bank,NC,Referral,Yes,Closed with explanation,No
927,2025-01-30,Credit card,Unexpected fees,Capital Trust,FL,Referral,Yes,Closed with explanation,No
928,2024-08-07,Consumer loan,Payment processing,North Bank,NY,Phone,Yes,Closed with explanation,No
929,2024-11-01,Mortgage,Payment processing,Union Lending,IL,Web,Yes,Closed with explanation,No
930,2025-02-25,Consumer loan,Account access,Capital Trust,NJ,Web,Yes,Closed with explanation,No
931,2025-01-27,Debt collection,Payment processing,Union Lending,IL,Web,Yes,Closed with explanation,Yes
932,2025-05-25,Consumer loan,Incorrect information,Union Lending,NC,Web,Yes,Closed with explanation,Yes
933,2024-07-06,Mortgage,Account access,Metro Credit,NJ,Web,Yes,Closed with explanation,No
934,2025-04-18,Checking account,Account access,Metro Credit,NY,Postal mail,Yes,Closed with explanation,No
935,2024-11-19,Consumer loan,Account access,Metro Credit,NY,Web,Yes,Closed with explanation,No
936,2025-11-17,Debt collection,Communication,North Bank,GA,Web,No,In progress,No
937,2024-04-25,Mortgage,Communication,Metro Credit,CA,Referral,Yes,Closed with explanation,No
938,2024-04-18,Mortgage,Payment processing,Metro Credit,TX,Web,Yes,Closed with explanation,No
939,2024-12-03,Checking account,Account access,Union Lending,TX,Phone,Yes,Closed with explanation,No
940,2025-01-06,Consumer loan,Account access,Metro Credit,NJ,Web,Yes,Closed with explanation,No
941,2025-05-19,Debt collection,Incorrect information,North Bank,NJ,Web,No,In progress,No
942,2024-10-21,Credit card,Account access,Union Lending,NJ,Web,Yes,Closed with explanation,No
943,2025-10-29,Credit card,Unexpected fees,Horizon Finance,CA,Web,Yes,Closed with explanation,No
944,2024-12-12,Mortgage,Communication,Metro Credit,FL,Phone,Yes,Closed with explanation,No
945,2024-04-04,Checking account,Payment processing,Union Lending,FL,Web,Yes,Closed with explanation,No
946,2024-03-28,Mortgage,Communication,Metro Credit,CA,Web,Yes,Closed with explanation,Yes
947,2025-12-11,Credit card,Communication,Union Lending,FL,Web,Yes,Closed with explanation,No
948,2024-04-07,Checking account,Account access,North Bank,NY,Web,Yes,Closed with explanation,No
949,2025-11-22,Mortgage,Account access,Horizon Finance,NC,Web,Yes,Closed with explanation,No
950,2024-07-21,Mortgage,Payment processing,Horizon Finance,TX,Phone,Yes,Closed with explanation,No
951,2024-03-09,Mortgage,Account access,Metro Credit,NJ,Web,No,In progress,No
952,2024-08-10,Consumer loan,Unexpected fees,Union Lending,NJ,Web,Yes,Closed with explanation,Yes
953,2025-03-24,Mortgage,Payment processing,Metro Credit,TX,Web,Yes,Closed with explanation,No
954,2024-11-08,Consumer loan,Account access,Union Lending,FL,Web,Yes,Closed with explanation,No
955,2025-07-27,Mortgage,Communication,Metro Credit,NY,Web,Yes,Closed with explanation,No
956,2025-03-22,Mortgage,Unexpected fees,Horizon Finance,NC,Referral,Yes,Closed with explanation,Yes
957,2024-10-19,Mortgage,Account access,Union Lending,NJ,Phone,Yes,Closed with explanation,No
958,2025-04-08,Credit card,Account access,Capital Trust,NC,Web,Yes,Closed with explanation,No
959,2025-12-10,Checking account,Communication,Metro Credit,FL,Web,Yes,Closed with explanation,No
960,2024-10-27,Mortgage,Account access,Horizon Finance,NC,Web,No,In progress,No
961,2024-04-22,Debt collection,Incorrect information,Horizon Finance,NC,Phone,Yes,Closed with explanation,No
962,2024-10-25,Consumer loan,Unexpected fees,Capital Trust,IL,Web,Yes,Closed with explanation,No
963,2025-09-05,Credit card,Communication,Capital Trust,TX,Web,Yes,Closed with explanation,No
964,2024-06-07,Mortgage,Unexpected fees,Union Lending,FL,Postal mail,Yes,Closed with explanation,No
965,2025-11-23,Credit card,Unexpected fees,Capital Trust,TX,Web,No,In progress,No
966,2025-03-05,Consumer loan,Incorrect information,North Bank,NJ,Phone,Yes,Closed with explanation,No
967,2025-03-15,Debt collection,Payment processing,Union Lending,FL,Web,Yes,Closed with explanation,No
968,2024-08-19,Mortgage,Incorrect information,Capital Trust,GA,Web,Yes,Closed with explanation,No
969,2025-11-02,Mortgage,Unexpected fees,Union Lending,FL,Web,Yes,Closed with explanation,No
970,2024-01-27,Checking account,Payment processing,Horizon Finance,NC,Web,Yes,Closed with explanation,No
971,2024-08-06,Checking account,Communication,Capital Trust,NJ,Web,Yes,Closed with explanation,No
972,2024-11-01,Debt collection,Unexpected fees,Union Lending,NY,Phone,No,In progress,No
973,2024-12-14,Consumer loan,Unexpected fees,Capital Trust,NY,Phone,Yes,Closed with explanation,No
974,2024-12-12,Mortgage,Incorrect information,North Bank,CA,Web,Yes,Closed with explanation,Yes
975,2024-04-17,Checking account,Account access,Union Lending,TX,Web,Yes,Closed with explanation,No
976,2024-06-13,Credit card,Communication,Horizon Finance,NC,Web,Yes,Closed with explanation,No
977,2024-03-10,Credit card,Unexpected fees,Capital Trust,NJ,Web,Yes,Closed with explanation,No
978,2025-02-21,Credit card,Unexpected fees,Capital Trust,NJ,Referral,Yes,Closed with explanation,No
979,2024-09-13,Checking account,Unexpected fees,Capital Trust,GA,Web,Yes,Closed with explanation,No
980,2025-02-17,Debt collection,Communication,Metro Credit,TX,Postal mail,Yes,Closed with explanation,No
981,2025-03-06,Mortgage,Account access,Horizon Finance,CA,Web,No,In progress,Yes
982,2025-05-27,Credit card,Payment processing,North Bank,GA,Web,No,In progress,Yes
983,2025-02-03,Credit card,Payment processing,Capital Trust,FL,Phone,Yes,Closed with explanation,No
984,2025-04-18,Checking account,Payment processing,Metro Credit,CA,Web,Yes,Closed with explanation,No
985,2025-03-04,Debt collection,Account access,Union Lending,CA,Web,Yes,Closed with explanation,No
986,2025-04-21,Checking account,Account access,Horizon Finance,IL,Web,Yes,Closed with explanation,No
987,2025-03-26,Consumer loan,Account access,Capital Trust,NJ,Phone,Yes,Closed with explanation,No
988,2024-08-18,Debt collection,Incorrect information,Capital Trust,FL,Web,No,In progress,Yes
989,2024-06-28,Credit card,Account access,Union Lending,NC,Web,Yes,Closed with explanation,No
990,2025-07-28,Mortgage,Communication,Union Lending,NY,Web,Yes,Closed with explanation,No
991,2024-09-07,Debt collection,Incorrect information,North Bank,GA,Web,Yes,Closed with explanation,No
992,2025-02-04,Checking account,Communication,Capital Trust,TX,Postal mail,Yes,Closed with explanation,No
993,2024-05-23,Credit card,Account access,North Bank,IL,Web,Yes,Closed with explanation,No
994,2024-11-10,Debt collection,Unexpected fees,Horizon Finance,FL,Web,Yes,Closed with explanation,No
995,2025-01-21,Debt collection,Incorrect information,Metro Credit,NJ,Web,Yes,Closed with explanation,No
996,2025-04-01,Mortgage,Payment processing,Metro Credit,NY,Web,Yes,Closed with explanation,No
997,2025-01-19,Mortgage,Incorrect information,Capital Trust,CA,Postal mail,Yes,Closed with explanation,No
998,2024-09-20,Credit card,Account access,Metro Credit,TX,Web,Yes,Closed with explanation,No
999,2025-12-03,Debt collection,Incorrect information,Horizon Finance,FL,Phone,No,In progress,No
1000,2025-01-09,Mortgage,Communication,Metro Credit,NY,Web,Yes,Closed with explanation,Yes
1001,2025-08-13,Credit card,Incorrect information,Capital Trust,FL,Phone,Yes,Closed with explanation,Yes
1002,2025-06-21,Consumer loan,Communication,Union Lending,IL,Web,Yes,Closed with explanation,No
1003,2025-02-11,Debt collection,Account access,Horizon Finance,NC,Web,No,In progress,Yes
1004,2025-10-09,Debt collection,Incorrect information,North Bank,GA,Web,Yes,Closed with explanation,No
1005,2024-04-03,Checking account,Payment processing,North Bank,FL,Web,Yes,Closed with explanation,No
1006,2025-11-03,Credit card,Communication,Metro Credit,GA,Postal mail,Yes,Closed with explanation,No
1007,2025-09-12,Debt collection,Unexpected fees,Horizon Finance,NC,Phone,Yes,Closed with explanation,No
1008,2025-01-02,Debt collection,Communication,Capital Trust,TX,Web,Yes,Closed with explanation,No
1009,2025-06-19,Mortgage,Payment processing,North Bank,TX,Web,Yes,Closed with explanation,No
1010,2025-01-14,Mortgage,Payment processing,Horizon Finance,CA,Phone,Yes,Closed with explanation,No
1011,2024-07-15,Checking account,Unexpected fees,Metro Credit,NJ,Web,Yes,Closed with explanation,No
1012,2025-08-06,Checking account,Incorrect information,North Bank,NJ,Web,Yes,Closed with explanation,No
1013,2024-06-28,Credit card,Account access,Union Lending,NY,Phone,Yes,Closed with explanation,No
1014,2024-08-17,Credit card,Communication,Union Lending,NJ,Web,Yes,Closed with explanation,No
1015,2025-01-14,Credit card,Account access,Capital Trust,GA,Web,Yes,Closed with explanation,No
1016,2025-09-03,Debt collection,Payment processing,Horizon Finance,NC,Web,Yes,Closed with explanation,No
1017,2024-10-07,Credit card,Payment processing,Metro Credit,NC,Web,Yes,Closed with explanation,No
1018,2024-12-26,Credit card,Unexpected fees,Capital Trust,NC,Phone,Yes,Closed with explanation,No
1019,2024-01-31,Mortgage,Incorrect information,Metro Credit,NY,Phone,Yes,Closed with explanation,No
1020,2024-03-25,Credit card,Communication,Union Lending,GA,Postal mail,Yes,Closed with explanation,No
1021,2024-02-10,Credit card,Payment processing,Capital Trust,TX,Web,Yes,Closed with explanation,No
1022,2024-02-22,Mortgage,Account access,North Bank,NC,Phone,Yes,Closed with explanation,No
1023,2025-09-26,Checking account,Account access,Capital Trust,FL,Postal mail,Yes,Closed with explanation,No
1024,2025-09-06,Mortgage,Communication,Metro Credit,NY,Web,Yes,Closed with explanation,No
1025,2025-08-22,Debt collection,Payment processing,Horizon Finance,IL,Postal mail,Yes,Closed with explanation,No
1026,2024-02-10,Credit card,Payment processing,Metro Credit,NJ,Postal mail,Yes,Closed with explanation,No
1027,2024-02-26,Debt collection,Payment processing,North Bank,GA,Phone,Yes,Closed with explanation,No
1028,2024-07-23,Debt collection,Unexpected fees,Union Lending,NC,Postal mail,Yes,Closed with explanation,No
1029,2025-02-16,Debt collection,Payment processing,Horizon Finance,GA,Web,Yes,Closed with explanation,No
1030,2024-08-31,Mortgage,Communication,Horizon Finance,NJ,Web,Yes,Closed with explanation,No
1031,2024-12-21,Mortgage,Unexpected fees,Horizon Finance,IL,Referral,Yes,Closed with explanation,No
1032,2024-05-06,Mortgage,Account access,Union Lending,NY,Referral,Yes,Closed with explanation,Yes
1033,2025-06-17,Consumer loan,Payment processing,Capital Trust,NC,Web,Yes,Closed with explanation,No
1034,2024-08-17,Credit card,Account access,Horizon Finance,NY,Web,Yes,Closed with explanation,No
1035,2024-02-18,Debt collection,Communication,North Bank,IL,Web,Yes,Closed with explanation,No
1036,2025-06-26,Mortgage,Account access,Metro Credit,FL,Referral,Yes,Closed with explanation,No
1037,2025-10-21,Consumer loan,Unexpected fees,Horizon Finance,NY,Web,Yes,Closed with explanation,No
1038,2024-01-11,Checking account,Incorrect information,North Bank,FL,Web,Yes,Closed with explanation,No
1039,2024-11-14,Credit card,Communication,Metro Credit,FL,Web,Yes,Closed with explanation,No
1040,2025-08-26,Mortgage,Payment processing,Metro Credit,NJ,Web,No,In progress,Yes
1041,2025-05-30,Mortgage,Account access,Capital Trust,NJ,Postal mail,Yes,Closed with explanation,No
1042,2025-09-17,Checking account,Account access,Horizon Finance,GA,Web,Yes,Closed with explanation,Yes
1043,2024-10-30,Checking account,Account access,Capital Trust,CA,Web,Yes,Closed with explanation,No
1044,2024-09-28,Credit card,Communication,Horizon Finance,TX,Web,Yes,Closed with explanation,No
1045,2025-06-01,Mortgage,Payment processing,Horizon Finance,TX,Phone,Yes,Closed with explanation,No
1046,2024-04-22,Checking account,Communication,Capital Trust,GA,Web,Yes,Closed with explanation,No
1047,2024-06-23,Debt collection,Communication,Union Lending,NC,Web,Yes,Closed with explanation,No
1048,2025-03-14,Credit card,Payment processing,Metro Credit,NY,Web,Yes,Closed with explanation,No
1049,2025-05-02,Checking account,Account access,Metro Credit,FL,Referral,Yes,Closed with explanation,No
1050,2024-03-28,Checking account,Unexpected fees,Union Lending,IL,Phone,Yes,Closed with explanation,No
1051,2025-01-06,Mortgage,Payment processing,North Bank,NC,Phone,Yes,Closed with explanation,No
1052,2024-09-23,Mortgage,Payment processing,North Bank,FL,Web,No,In progress,No
1053,2025-01-01,Mortgage,Account access,North Bank,FL,Postal mail,Yes,Closed with explanation,No
1054,2025-11-30,Debt collection,Incorrect information,Union Lending,IL,Phone,Yes,Closed with explanation,No
1055,2024-02-25,Checking account,Communication,Horizon Finance,NC,Web,Yes,Closed with explanation,No
1056,2025-12-27,Consumer loan,Communication,North Bank,GA,Postal mail,Yes,Closed with explanation,No
1057,2024-11-24,Credit card,Unexpected fees,Union Lending,IL,Referral,Yes,Closed with explanation,No
1058,2025-07-17,Credit card,Account access,Union Lending,GA,Phone,Yes,Closed with explanation,No
1059,2024-11-05,Checking account,Incorrect information,Union Lending,CA,Phone,Yes,Closed with explanation,No
1060,2024-08-15,Credit card,Communication,North Bank,NJ,Web,Yes,Closed with explanation,No
1061,2025-07-16,Mortgage,Unexpected fees,Capital Trust,CA,Web,Yes,Closed with explanation,No
1062,2025-05-16,Consumer loan,Unexpected fees,North Bank,NY,Web,Yes,Closed with explanation,No
1063,2024-04-15,Consumer loan,Account access,Horizon Finance,FL,Web,Yes,Closed with explanation,No
1064,2025-05-29,Mortgage,Unexpected fees,Horizon Finance,GA,Web,Yes,Closed with explanation,No
1065,2025-07-03,Mortgage,Payment processing,Metro Credit,TX,Web,Yes,Closed with explanation,No
1066,2024-10-10,Checking account,Communication,Metro Credit,TX,Postal mail,Yes,Closed with explanation,No
1067,2025-11-06,Credit card,Communication,North Bank,NC,Web,Yes,Closed with explanation,No
1068,2025-04-12,Credit card,Account access,Horizon Finance,NY,Referral,Yes,Closed with explanation,No
1069,2024-08-31,Mortgage,Incorrect information,Union Lending,GA,Web,Yes,Closed with explanation,No
1070,2024-01-08,Debt collection,Communication,Metro Credit,IL,Web,Yes,Closed with explanation,No
1071,2025-05-07,Credit card,Unexpected fees,Horizon Finance,IL,Web,Yes,Closed with explanation,No
1072,2024-06-01,Mortgage,Communication,Capital Trust,GA,Web,No,In progress,No
1073,2025-07-06,Consumer loan,Unexpected fees,Metro Credit,GA,Web,Yes,Closed with explanation,No
1074,2025-01-18,Debt collection,Account access,Metro Credit,NC,Web,Yes,Closed with explanation,No
1075,2024-12-06,Mortgage,Account access,North Bank,NJ,Phone,Yes,Closed with explanation,No
1076,2024-04-29,Mortgage,Account access,Horizon Finance,FL,Web,Yes,Closed with explanation,No
1077,2025-06-03,Consumer loan,Incorrect information,Metro Credit,TX,Web,Yes,Closed with explanation,Yes
1078,2024-05-01,Debt collection,Account access,Capital Trust,NJ,Web,Yes,Closed with explanation,No
1079,2024-10-31,Credit card,Account access,Metro Credit,FL,Web,Yes,Closed with explanation,No
1080,2025-09-02,Debt collection,Communication,Union Lending,FL,Web,Yes,Closed with explanation,No
1081,2025-11-02,Credit card,Account access,North Bank,CA,Web,Yes,Closed with explanation,No
1082,2025-12-23,Debt collection,Communication,Metro Credit,IL,Phone,Yes,Closed with explanation,No
1083,2025-11-30,Credit card,Unexpected fees,North Bank,IL,Phone,Yes,Closed with explanation,No
1084,2025-02-09,Credit card,Unexpected fees,Horizon Finance,NJ,Referral,Yes,Closed with explanation,Yes
1085,2024-05-26,Credit card,Incorrect information,North Bank,GA,Phone,Yes,Closed with explanation,No
1086,2025-09-04,Checking account,Payment processing,North Bank,GA,Web,Yes,Closed with explanation,No
1087,2025-08-08,Checking account,Incorrect information,Horizon Finance,IL,Web,Yes,Closed with explanation,No
1088,2025-12-23,Credit card,Unexpected fees,Horizon Finance,NJ,Web,Yes,Closed with explanation,No
1089,2025-04-20,Checking account,Communication,Metro Credit,NC,Web,Yes,Closed with explanation,No
1090,2024-04-13,Checking account,Payment processing,Horizon Finance,NJ,Web,Yes,Closed with explanation,No
1091,2025-01-02,Consumer loan,Account access,Horizon Finance,FL,Web,Yes,Closed with explanation,No
1092,2024-11-23,Debt collection,Communication,Union Lending,FL,Postal mail,Yes,Closed with explanation,Yes
1093,2025-09-07,Mortgage,Payment processing,Horizon Finance,CA,Web,Yes,Closed with explanation,No
1094,2024-10-13,Credit card,Communication,Capital Trust,NC,Web,No,In progress,No
1095,2024-08-27,Checking account,Payment processing,Metro Credit,GA,Postal mail,Yes,Closed with explanation,Yes
1096,2024-02-28,Debt collection,Account access,North Bank,NC,Web,Yes,Closed with explanation,No
1097,2025-09-01,Credit card,Incorrect information,Horizon Finance,NJ,Web,Yes,Closed with explanation,No
1098,2025-07-05,Checking account,Unexpected fees,North Bank,NY,Web,Yes,Closed with explanation,No
1099,2024-01-31,Debt collection,Payment processing,Union Lending,TX,Web,Yes,Closed with explanation,No
1100,2024-11-12,Debt collection,Unexpected fees,Metro Credit,CA,Postal mail,Yes,Closed with explanation,No
1101,2024-12-16,Checking account,Payment processing,Metro Credit,NJ,Phone,Yes,Closed with explanation,No
1102,2024-12-08,Mortgage,Incorrect information,Horizon Finance,FL,Web,No,In progress,Yes
1103,2025-11-01,Checking account,Incorrect information,North Bank,NY,Web,Yes,Closed with explanation,No
1104,2024-04-19,Consumer loan,Unexpected fees,Metro Credit,NJ,Web,Yes,Closed with explanation,No
1105,2024-08-11,Credit card,Unexpected fees,Capital Trust,NY,Web,Yes,Closed with explanation,No
1106,2024-05-12,Credit card,Communication,Union Lending,NC,Web,Yes,Closed with explanation,No
1107,2024-06-27,Mortgage,Unexpected fees,Horizon Finance,IL,Web,No,In progress,Yes
1108,2025-10-24,Credit card,Account access,Horizon Finance,NJ,Phone,Yes,Closed with explanation,No
1109,2025-11-17,Mortgage,Account access,Horizon Finance,TX,Referral,Yes,Closed with explanation,No
1110,2024-02-02,Checking account,Unexpected fees,Capital Trust,NY,Referral,Yes,Closed with explanation,No
1111,2025-04-06,Debt collection,Communication,Capital Trust,TX,Referral,No,In progress,Yes
1112,2024-06-18,Debt collection,Payment processing,Horizon Finance,CA,Web,Yes,Closed with explanation,No
1113,2024-05-20,Mortgage,Incorrect information,Capital Trust,NC,Phone,Yes,Closed with explanation,No
1114,2024-08-01,Consumer loan,Unexpected fees,North Bank,IL,Referral,Yes,Closed with explanation,Yes
1115,2024-05-21,Checking account,Incorrect information,Metro Credit,FL,Web,Yes,Closed with explanation,No
1116,2024-12-23,Mortgage,Unexpected fees,Metro Credit,NY,Web,Yes,Closed with explanation,No
1117,2025-12-27,Credit card,Payment processing,Union Lending,TX,Web,Yes,Closed with explanation,No
1118,2025-03-04,Debt collection,Communication,Union Lending,CA,Postal mail,Yes,Closed with explanation,No
1119,2025-06-11,Debt collection,Account access,Horizon Finance,NC,Referral,Yes,Closed with explanation,No
1120,2024-12-26,Debt collection,Incorrect information,Metro Credit,CA,Phone,No,In progress,No
1121,2024-01-11,Debt collection,Incorrect information,Horizon Finance,NY,Web,Yes,Closed with explanation,No
1122,2024-03-02,Debt collection,Account access,Metro Credit,TX,Postal mail,Yes,Closed with explanation,No
1123,2024-07-15,Credit card,Unexpected fees,Horizon Finance,NC,Web,Yes,Closed with explanation,No
1124,2024-06-26,Debt collection,Account access,Metro Credit,TX,Web,Yes,Closed with explanation,No
1125,2025-09-05,Mortgage,Incorrect information,Capital Trust,NY,Web,No,In progress,No
1126,2025-09-07,Checking account,Unexpected fees,Union Lending,NJ,Phone,Yes,Closed with explanation,Yes
1127,2025-09-15,Mortgage,Account access,North Bank,IL,Referral,Yes,Closed with explanation,No
1128,2025-04-10,Checking account,Unexpected fees,Capital Trust,NY,Web,Yes,Closed with explanation,No
1129,2025-02-10,Checking account,Unexpected fees,Union Lending,IL,Web,No,In progress,No
1130,2025-04-18,Credit card,Unexpected fees,Metro Credit,NY,Web,Yes,Closed with explanation,No
1131,2024-10-23,Credit card,Incorrect information,Horizon Finance,FL,Web,Yes,Closed with explanation,No
1132,2025-05-04,Mortgage,Unexpected fees,North Bank,IL,Referral,Yes,Closed with explanation,No
1133,2025-08-02,Debt collection,Unexpected fees,North Bank,FL,Web,Yes,Closed with explanation,Yes
1134,2025-07-10,Mortgage,Communication,Horizon Finance,NC,Web,No,In progress,No
1135,2025-03-24,Mortgage,Communication,Union Lending,NY,Web,Yes,Closed with explanation,No
1136,2024-02-12,Checking account,Account access,Metro Credit,NJ,Phone,Yes,Closed with explanation,No
1137,2025-06-13,Checking account,Unexpected fees,Metro Credit,TX,Referral,Yes,Closed with explanation,No
1138,2024-09-24,Credit card,Account access,Capital Trust,GA,Web,Yes,Closed with explanation,No
1139,2025-06-26,Debt collection,Payment processing,Capital Trust,IL,Web,No,In progress,No
1140,2025-01-28,Credit card,Unexpected fees,Horizon Finance,GA,Postal mail,Yes,Closed with explanation,Yes
1141,2025-10-05,Consumer loan,Payment processing,North Bank,NY,Web,Yes,Closed with explanation,No
1142,2024-09-04,Consumer loan,Communication,Union Lending,GA,Web,Yes,Closed with explanation,No
1143,2025-11-10,Mortgage,Account access,Union Lending,CA,Web,Yes,Closed with explanation,Yes
1144,2025-09-08,Debt collection,Incorrect information,Capital Trust,GA,Postal mail,Yes,Closed with explanation,No
1145,2024-08-29,Checking account,Incorrect information,Capital Trust,NJ,Phone,Yes,Closed with explanation,No
1146,2024-12-18,Debt collection,Communication,Union Lending,NY,Web,Yes,Closed with explanation,No
1147,2025-01-22,Consumer loan,Account access,North Bank,CA,Web,Yes,Closed with explanation,No
1148,2025-07-15,Consumer loan,Unexpected fees,Metro Credit,IL,Web,Yes,Closed with explanation,No
1149,2025-05-18,Mortgage,Payment processing,Union Lending,NJ,Web,Yes,Closed with explanation,No
1150,2025-09-13,Debt collection,Communication,Union Lending,NY,Web,Yes,Closed with explanation,No
1151,2024-09-27,Debt collection,Account access,Horizon Finance,CA,Web,Yes,Closed with explanation,No
1152,2025-01-03,Checking account,Unexpected fees,Horizon Finance,NY,Web,Yes,Closed with explanation,No
1153,2024-11-10,Debt collection,Communication,Union Lending,NC,Web,Yes,Closed with explanation,No
1154,2025-10-25,Consumer loan,Incorrect information,Horizon Finance,FL,Web,Yes,Closed with explanation,No
1155,2024-08-10,Checking account,Communication,North Bank,IL,Web,Yes,Closed with explanation,No
1156,2025-03-04,Debt collection,Account access,Capital Trust,FL,Referral,Yes,Closed with explanation,No
1157,2024-03-28,Checking account,Incorrect information,Metro Credit,GA,Web,Yes,Closed with explanation,No
1158,2025-09-12,Mortgage,Unexpected fees,Metro Credit,NY,Referral,Yes,Closed with explanation,No
1159,2024-10-07,Credit card,Payment processing,North Bank,NY,Referral,Yes,Closed with explanation,No
1160,2024-09-05,Credit card,Payment processing,Horizon Finance,IL,Postal mail,Yes,Closed with explanation,No
1161,2025-03-01,Debt collection,Incorrect information,Capital Trust,IL,Web,Yes,Closed with explanation,No
1162,2024-12-30,Checking account,Payment processing,North Bank,NY,Web,No,In progress,Yes
1163,2025-09-11,Checking account,Communication,Metro Credit,FL,Web,Yes,Closed with explanation,No
1164,2025-01-22,Credit card,Payment processing,North Bank,CA,Web,Yes,Closed with explanation,No
1165,2025-01-12,Mortgage,Payment processing,North Bank,GA,Web,Yes,Closed with explanation,Yes
1166,2024-03-17,Debt collection,Incorrect information,Union Lending,FL,Web,Yes,Closed with explanation,No
1167,2024-01-17,Debt collection,Payment processing,Metro Credit,IL,Web,Yes,Closed with explanation,No
1168,2024-10-17,Credit card,Payment processing,Union Lending,NY,Phone,Yes,Closed with explanation,No
1169,2025-12-29,Mortgage,Incorrect information,Horizon Finance,NJ,Web,Yes,Closed with explanation,No
1170,2025-10-31,Checking account,Unexpected fees,Union Lending,GA,Postal mail,Yes,Closed with explanation,No
1171,2025-04-04,Mortgage,Communication,North Bank,NY,Phone,Yes,Closed with explanation,Yes
1172,2025-04-05,Checking account,Communication,Metro Credit,FL,Web,Yes,Closed with explanation,No
1173,2024-10-12,Checking account,Incorrect information,Horizon Finance,GA,Web,Yes,Closed with explanation,No
1174,2024-05-09,Checking account,Payment processing,North Bank,CA,Web,Yes,Closed with explanation,No
1175,2024-01-07,Mortgage,Account access,Horizon Finance,CA,Referral,Yes,Closed with explanation,No
1176,2024-09-04,Mortgage,Account access,Horizon Finance,CA,Phone,Yes,Closed with explanation,No
1177,2024-08-19,Checking account,Account access,Horizon Finance,FL,Phone,Yes,Closed with explanation,No
1178,2024-05-19,Debt collection,Communication,Horizon Finance,NY,Phone,Yes,Closed with explanation,No
1179,2024-07-08,Consumer loan,Account access,Union Lending,FL,Web,Yes,Closed with explanation,No
1180,2024-01-19,Checking account,Account access,Union Lending,TX,Postal mail,Yes,Closed with explanation,No
1181,2025-03-19,Debt collection,Payment processing,North Bank,FL,Referral,Yes,Closed with explanation,No
1182,2025-11-08,Debt collection,Account access,Union Lending,NY,Phone,Yes,Closed with explanation,No
1183,2025-05-19,Credit card,Communication,Capital Trust,FL,Web,Yes,Closed with explanation,No
1184,2024-11-23,Mortgage,Unexpected fees,Capital Trust,IL,Web,Yes,Closed with explanation,No
1185,2024-11-02,Checking account,Communication,Metro Credit,NY,Web,Yes,Closed with explanation,No
1186,2024-08-12,Consumer loan,Payment processing,Union Lending,NC,Web,No,In progress,Yes
1187,2024-04-13,Credit card,Communication,Capital Trust,NC,Web,No,In progress,No
1188,2025-03-12,Consumer loan,Unexpected fees,Metro Credit,GA,Phone,Yes,Closed with explanation,No
1189,2025-02-17,Credit card,Account access,Capital Trust,IL,Postal mail,Yes,Closed with explanation,Yes
1190,2024-01-06,Mortgage,Incorrect information,Union Lending,CA,Web,Yes,Closed with explanation,No
1191,2024-10-30,Debt collection,Communication,Union Lending,IL,Web,Yes,Closed with explanation,No
1192,2024-07-21,Checking account,Communication,Union Lending,NY,Web,Yes,Closed with explanation,No
1193,2024-05-04,Debt collection,Unexpected fees,Union Lending,FL,Postal mail,Yes,Closed with explanation,Yes
1194,2025-05-28,Debt collection,Incorrect information,Capital Trust,NJ,Phone,Yes,Closed with explanation,Yes
1195,2025-01-18,Debt collection,Payment processing,Capital Trust,CA,Web,Yes,Closed with explanation,No
1196,2025-04-07,Credit card,Payment processing,Horizon Finance,FL,Web,Yes,Closed with explanation,No
1197,2025-06-04,Debt collection,Account access,Horizon Finance,NJ,Web,No,In progress,Yes
1198,2025-12-17,Credit card,Incorrect information,Union Lending,NC,Web,Yes,Closed with explanation,No
1199,2025-08-09,Checking account,Communication,Capital Trust,IL,Web,Yes,Closed with explanation,No
1200,2025-03-28,Debt collection,Account access,Metro Credit,IL,Web,No,In progress,Yes
1201,2025-10-03,Consumer loan,Payment processing,Metro Credit,NC,Web,Yes,Closed with explanation,No
1202,2024-12-14,Mortgage,Communication,Union Lending,CA,Web,Yes,Closed with explanation,No
1203,2025-12-19,Checking account,Account access,Capital Trust,NY,Web,No,In progress,Yes
1204,2025-07-09,Debt collection,Incorrect information,Capital Trust,TX,Phone,Yes,Closed with explanation,No
1205,2025-04-20,Consumer loan,Communication,North Bank,NY,Web,Yes,Closed with explanation,No
1206,2025-10-21,Checking account,Payment processing,Capital Trust,NC,Web,Yes,Closed with explanation,No
1207,2025-01-11,Debt collection,Communication,Union Lending,IL,Postal mail,Yes,Closed with explanation,No
1208,2025-06-10,Credit card,Payment processing,North Bank,NC,Web,Yes,Closed with explanation,Yes
1209,2024-07-26,Credit card,Communication,North Bank,IL,Web,No,In progress,Yes
1210,2025-12-04,Mortgage,Communication,Metro Credit,NJ,Web,Yes,Closed with explanation,No
1211,2025-03-31,Debt collection,Unexpected fees,Capital Trust,TX,Phone,Yes,Closed with explanation,No
1212,2025-07-24,Credit card,Incorrect information,Union Lending,FL,Web,Yes,Closed with explanation,No
1213,2024-12-02,Credit card,Incorrect information,Horizon Finance,FL,Web,Yes,Closed with explanation,No
1214,2025-09-24,Credit card,Payment processing,Union Lending,NJ,Web,Yes,Closed with explanation,No
1215,2024-02-24,Debt collection,Unexpected fees,Horizon Finance,IL,Phone,No,In progress,Yes
1216,2024-03-24,Credit card,Account access,Capital Trust,TX,Phone,Yes,Closed with explanation,Yes
1217,2025-01-05,Mortgage,Payment processing,North Bank,TX,Phone,Yes,Closed with explanation,No
1218,2025-06-18,Debt collection,Account access,Metro Credit,NY,Web,Yes,Closed with explanation,Yes
1219,2025-08-13,Credit card,Incorrect information,Metro Credit,TX,Web,Yes,Closed with explanation,No
1220,2024-11-17,Mortgage,Unexpected fees,Capital Trust,GA,Web,Yes,Closed with explanation,Yes
1221,2025-04-19,Mortgage,Incorrect information,Horizon Finance,NJ,Web,Yes,Closed with explanation,No
1222,2025-02-07,Debt collection,Unexpected fees,Union Lending,NC,Web,No,In progress,No
1223,2025-12-02,Checking account,Payment processing,Capital Trust,TX,Web,No,In progress,No
1224,2025-04-22,Checking account,Account access,North Bank,NY,Referral,Yes,Closed with explanation,No
1225,2024-10-31,Credit card,Payment processing,Capital Trust,IL,Web,Yes,Closed with explanation,No
1226,2025-12-08,Consumer loan,Incorrect information,North Bank,NY,Web,Yes,Closed with explanation,No
1227,2024-03-19,Consumer loan,Payment processing,Union Lending,NY,Postal mail,Yes,Closed with explanation,No
1228,2025-12-19,Credit card,Account access,Union Lending,TX,Referral,Yes,Closed with explanation,No
1229,2024-04-22,Checking account,Unexpected fees,Capital Trust,CA,Web,Yes,Closed with explanation,No
1230,2024-07-29,Debt collection,Payment processing,North Bank,NY,Referral,Yes,Closed with explanation,No
1231,2025-08-22,Credit card,Incorrect information,Capital Trust,CA,Web,Yes,Closed with explanation,No
1232,2025-06-19,Checking account,Account access,Union Lending,CA,Referral,Yes,Closed with explanation,No
1233,2025-12-09,Mortgage,Account access,North Bank,IL,Web,Yes,Closed with explanation,No
1234,2025-07-01,Checking account,Incorrect information,Horizon Finance,NJ,Web,Yes,Closed with explanation,No
1235,2025-04-10,Checking account,Communication,Capital Trust,IL,Postal mail,Yes,Closed with explanation,No
1236,2024-09-09,Checking account,Unexpected fees,Horizon Finance,CA,Web,Yes,Closed with explanation,No
1237,2024-01-04,Credit card,Incorrect information,Metro Credit,NJ,Referral,Yes,Closed with explanation,No
1238,2024-03-31,Mortgage,Account access,Metro Credit,GA,Web,Yes,Closed with explanation,No
1239,2024-08-05,Consumer loan,Communication,Horizon Finance,FL,Web,Yes,Closed with explanation,No
1240,2024-01-30,Mortgage,Payment processing,Capital Trust,FL,Postal mail,Yes,Closed with explanation,No
1241,2025-01-05,Credit card,Payment processing,Union Lending,NC,Web,Yes,Closed with explanation,Yes
1242,2025-07-21,Debt collection,Communication,Union Lending,NY,Referral,Yes,Closed with explanation,No
1243,2025-12-04,Credit card,Incorrect information,Union Lending,TX,Referral,Yes,Closed with explanation,No
1244,2024-12-23,Consumer loan,Account access,Union Lending,FL,Web,Yes,Closed with explanation,No
1245,2025-09-30,Checking account,Unexpected fees,Horizon Finance,FL,Web,Yes,Closed with explanation,No
1246,2025-12-20,Consumer loan,Payment processing,Union Lending,NY,Web,No,In progress,No
1247,2025-09-19,Credit card,Communication,Metro Credit,FL,Web,Yes,Closed with explanation,No
1248,2024-12-05,Credit card,Incorrect information,Horizon Finance,IL,Web,Yes,Closed with explanation,No
1249,2024-08-25,Mortgage,Incorrect information,Metro Credit,FL,Web,Yes,Closed with explanation,No
1250,2025-12-14,Credit card,Communication,Capital Trust,GA,Phone,Yes,Closed with explanation,No
1251,2024-06-25,Credit card,Account access,Union Lending,NY,Web,No,In progress,No
1252,2024-10-27,Consumer loan,Unexpected fees,Horizon Finance,NC,Phone,Yes,Closed with explanation,No
1253,2024-02-24,Debt collection,Incorrect information,Horizon Finance,NJ,Web,Yes,Closed with explanation,No
1254,2025-08-02,Credit card,Unexpected fees,Horizon Finance,FL,Web,Yes,Closed with explanation,No
1255,2025-04-19,Debt collection,Incorrect information,Union Lending,CA,Web,No,In progress,Yes
1256,2024-03-02,Consumer loan,Unexpected fees,Metro Credit,IL,Web,Yes,Closed with explanation,No
1257,2024-06-11,Debt collection,Incorrect information,Capital Trust,FL,Web,No,In progress,Yes
1258,2025-02-09,Consumer loan,Incorrect information,Metro Credit,NC,Web,Yes,Closed with explanation,No
1259,2025-01-29,Consumer loan,Communication,North Bank,NY,Referral,Yes,Closed with explanation,No
1260,2025-08-08,Mortgage,Payment processing,Union Lending,FL,Phone,No,In progress,Yes
1261,2024-07-13,Mortgage,Communication,Union Lending,FL,Web,Yes,Closed with explanation,No
1262,2025-11-06,Debt collection,Unexpected fees,Metro Credit,NJ,Referral,Yes,Closed with explanation,No
1263,2024-11-20,Credit card,Unexpected fees,Union Lending,CA,Postal mail,Yes,Closed with explanation,No
1264,2025-08-23,Checking account,Unexpected fees,Union Lending,NC,Web,Yes,Closed with explanation,No
1265,2024-06-23,Credit card,Account access,Union Lending,TX,Postal mail,Yes,Closed with explanation,No
1266,2024-01-27,Debt collection,Incorrect information,Capital Trust,NJ,Web,Yes,Closed with explanation,No
1267,2024-02-10,Checking account,Unexpected fees,Capital Trust,IL,Phone,Yes,Closed with explanation,No
1268,2024-09-29,Consumer loan,Communication,Horizon Finance,IL,Web,Yes,Closed with explanation,No
1269,2025-11-26,Debt collection,Unexpected fees,Metro Credit,TX,Phone,Yes,Closed with explanation,No
1270,2024-02-05,Debt collection,Payment processing,North Bank,GA,Referral,Yes,Closed with explanation,Yes
1271,2024-09-26,Credit card,Unexpected fees,Horizon Finance,GA,Postal mail,Yes,Closed with explanation,No
1272,2024-03-20,Consumer loan,Communication,Union Lending,NY,Postal mail,Yes,Closed with explanation,No
1273,2025-11-11,Debt collection,Payment processing,Union Lending,NY,Web,Yes,Closed with explanation,No
1274,2025-05-07,Credit card,Communication,North Bank,IL,Web,Yes,Closed with explanation,No
1275,2025-07-10,Consumer loan,Account access,Union Lending,NY,Web,Yes,Closed with explanation,No
1276,2025-06-04,Checking account,Communication,Union Lending,NC,Web,No,In progress,Yes
1277,2025-04-24,Mortgage,Unexpected fees,Union Lending,CA,Web,Yes,Closed with explanation,No
1278,2025-07-18,Mortgage,Account access,Horizon Finance,FL,Postal mail,Yes,Closed with explanation,No
1279,2024-01-06,Credit card,Incorrect information,North Bank,NJ,Phone,Yes,Closed with explanation,No
1280,2025-09-23,Credit card,Incorrect information,Horizon Finance,NJ,Web,Yes,Closed with explanation,No
1281,2025-06-24,Credit card,Payment processing,Union Lending,FL,Postal mail,Yes,Closed with explanation,No
1282,2025-06-23,Credit card,Unexpected fees,Horizon Finance,IL,Phone,Yes,Closed with explanation,No
1283,2024-10-14,Mortgage,Incorrect information,Horizon Finance,CA,Web,Yes,Closed with explanation,No
1284,2025-08-07,Checking account,Unexpected fees,Horizon Finance,TX,Web,Yes,Closed with explanation,No
1285,2024-10-05,Credit card,Unexpected fees,Horizon Finance,NC,Phone,Yes,Closed with explanation,No
1286,2024-02-05,Consumer loan,Payment processing,Metro Credit,GA,Phone,Yes,Closed with explanation,No
1287,2025-10-24,Consumer loan,Incorrect information,Union Lending,CA,Web,Yes,Closed with explanation,No
1288,2024-06-20,Mortgage,Incorrect information,Metro Credit,NJ,Web,Yes,Closed with explanation,No
1289,2024-03-15,Debt collection,Payment processing,Horizon Finance,NY,Web,Yes,Closed with explanation,No
1290,2025-03-29,Checking account,Incorrect information,Horizon Finance,IL,Web,Yes,Closed with explanation,No
1291,2024-06-19,Debt collection,Account access,Union Lending,NJ,Web,Yes,Closed with explanation,No
1292,2025-09-18,Credit card,Payment processing,Capital Trust,NJ,Web,Yes,Closed with explanation,No
1293,2024-11-19,Consumer loan,Account access,Union Lending,TX,Web,Yes,Closed with explanation,No
1294,2024-01-04,Debt collection,Incorrect information,North Bank,FL,Web,No,In progress,No
1295,2025-11-25,Debt collection,Payment processing,Union Lending,FL,Web,Yes,Closed with explanation,No
1296,2025-01-10,Mortgage,Incorrect information,Metro Credit,NC,Web,Yes,Closed with explanation,No
1297,2024-07-10,Mortgage,Unexpected fees,North Bank,NJ,Web,Yes,Closed with explanation,No
1298,2025-05-09,Checking account,Incorrect information,North Bank,GA,Postal mail,Yes,Closed with explanation,No
1299,2025-01-22,Consumer loan,Account access,Capital Trust,CA,Web,Yes,Closed with explanation,No
1300,2024-01-22,Consumer loan,Payment processing,Horizon Finance,NJ,Web,Yes,Closed with explanation,No
1301,2025-07-08,Debt collection,Payment processing,Metro Credit,IL,Web,Yes,Closed with explanation,No
1302,2024-10-19,Mortgage,Incorrect information,North Bank,FL,Phone,Yes,Closed with explanation,No
1303,2025-05-25,Credit card,Unexpected fees,Union Lending,NY,Web,Yes,Closed with explanation,No
1304,2025-10-15,Mortgage,Incorrect information,Union Lending,NY,Web,Yes,Closed with explanation,No
1305,2025-03-21,Credit card,Unexpected fees,Metro Credit,FL,Referral,Yes,Closed with explanation,No
1306,2025-05-05,Credit card,Unexpected fees,North Bank,NC,Phone,Yes,Closed with explanation,No
1307,2024-07-04,Checking account,Payment processing,Metro Credit,NC,Web,Yes,Closed with explanation,Yes
1308,2024-06-22,Consumer loan,Payment processing,Union Lending,CA,Web,Yes,Closed with explanation,No
1309,2024-10-29,Credit card,Communication,North Bank,NC,Postal mail,No,In progress,No
1310,2025-09-14,Credit card,Unexpected fees,Metro Credit,NY,Postal mail,Yes,Closed with explanation,No
1311,2025-01-17,Credit card,Incorrect information,North Bank,NJ,Phone,Yes,Closed with explanation,No
1312,2024-09-11,Debt collection,Incorrect information,Horizon Finance,NJ,Phone,No,In progress,No
1313,2025-07-23,Consumer loan,Communication,North Bank,IL,Referral,Yes,Closed with explanation,No
1314,2025-09-14,Credit card,Communication,North Bank,GA,Postal mail,Yes,Closed with explanation,No
1315,2025-10-20,Credit card,Unexpected fees,North Bank,GA,Web,Yes,Closed with explanation,No
1316,2024-08-06,Mortgage,Communication,Union Lending,NJ,Postal mail,Yes,Closed with explanation,No
1317,2025-06-02,Checking account,Account access,Horizon Finance,NY,Phone,Yes,Closed with explanation,No
1318,2025-03-06,Mortgage,Incorrect information,Capital Trust,GA,Web,Yes,Closed with explanation,No
1319,2024-11-23,Checking account,Unexpected fees,Metro Credit,NC,Web,Yes,Closed with explanation,No
1320,2024-10-16,Debt collection,Unexpected fees,Metro Credit,NC,Web,Yes,Closed with explanation,No
1321,2024-03-24,Checking account,Payment processing,Metro Credit,TX,Phone,Yes,Closed with explanation,No
1322,2024-07-19,Consumer loan,Incorrect information,Capital Trust,NY,Web,Yes,Closed with explanation,No
1323,2025-02-05,Credit card,Incorrect information,Horizon Finance,IL,Web,Yes,Closed with explanation,No
1324,2025-10-09,Debt collection,Payment processing,Metro Credit,IL,Web,Yes,Closed with explanation,No
1325,2025-09-24,Debt collection,Unexpected fees,Union Lending,GA,Web,Yes,Closed with explanation,No
1326,2024-05-16,Consumer loan,Unexpected fees,Horizon Finance,NJ,Web,Yes,Closed with explanation,No
1327,2025-05-10,Checking account,Communication,North Bank,IL,Web,Yes,Closed with explanation,No
1328,2024-03-02,Credit card,Communication,Union Lending,GA,Web,Yes,Closed with explanation,No
1329,2025-05-07,Debt collection,Account access,North Bank,NC,Web,Yes,Closed with explanation,No
1330,2024-09-06,Consumer loan,Communication,North Bank,CA,Web,Yes,Closed with explanation,No
1331,2024-11-24,Credit card,Communication,Union Lending,GA,Web,Yes,Closed with explanation,Yes
1332,2025-06-07,Checking account,Account access,Horizon Finance,FL,Web,Yes,Closed with explanation,No
1333,2024-11-06,Checking account,Communication,Metro Credit,NC,Postal mail,Yes,Closed with explanation,Yes
1334,2025-08-12,Debt collection,Incorrect information,North Bank,IL,Phone,Yes,Closed with explanation,No
1335,2025-01-24,Consumer loan,Incorrect information,Horizon Finance,IL,Phone,Yes,Closed with explanation,No
1336,2025-12-30,Mortgage,Communication,Union Lending,NJ,Web,Yes,Closed with explanation,Yes
1337,2025-04-10,Mortgage,Incorrect information,Metro Credit,TX,Web,Yes,Closed with explanation,No
1338,2024-08-04,Checking account,Payment processing,Horizon Finance,IL,Referral,Yes,Closed with explanation,No
1339,2025-07-19,Checking account,Account access,Metro Credit,NJ,Web,Yes,Closed with explanation,No
1340,2024-10-24,Credit card,Payment processing,Capital Trust,NJ,Web,Yes,Closed with explanation,No
1341,2025-01-24,Consumer loan,Payment processing,Union Lending,TX,Web,Yes,Closed with explanation,No
1342,2024-04-09,Checking account,Incorrect information,Metro Credit,NJ,Phone,Yes,Closed with explanation,No
1343,2024-03-28,Checking account,Unexpected fees,Horizon Finance,TX,Web,Yes,Closed with explanation,No
1344,2025-02-23,Credit card,Payment processing,Capital Trust,FL,Web,Yes,Closed with explanation,No
1345,2024-05-16,Credit card,Communication,Metro Credit,NJ,Web,Yes,Closed with explanation,No
1346,2025-12-29,Mortgage,Communication,North Bank,IL,Web,Yes,Closed with explanation,No
1347,2025-09-16,Credit card,Communication,Metro Credit,IL,Web,Yes,Closed with explanation,No
1348,2025-05-26,Credit card,Communication,Union Lending,IL,Referral,Yes,Closed with explanation,No
1349,2025-06-20,Consumer loan,Communication,Capital Trust,NC,Postal mail,Yes,Closed with explanation,No
1350,2025-03-10,Checking account,Account access,Metro Credit,TX,Web,Yes,Closed with explanation,No
1351,2024-02-14,Checking account,Unexpected fees,North Bank,FL,Web,Yes,Closed with explanation,No
1352,2024-10-13,Checking account,Account access,North Bank,NY,Web,Yes,Closed with explanation,No
1353,2024-12-27,Debt collection,Payment processing,Horizon Finance,NJ,Web,No,In progress,Yes
1354,2025-10-30,Checking account,Account access,North Bank,IL,Referral,Yes,Closed with explanation,No
1355,2024-06-09,Consumer loan,Communication,North Bank,GA,Phone,No,In progress,No
1356,2024-12-28,Debt collection,Payment processing,Union Lending,NJ,Web,Yes,Closed with explanation,No
1357,2024-09-08,Mortgage,Unexpected fees,Capital Trust,NC,Phone,Yes,Closed with explanation,No
1358,2024-04-08,Checking account,Communication,Metro Credit,NY,Web,Yes,Closed with explanation,No
1359,2024-03-16,Consumer loan,Communication,Horizon Finance,NY,Web,Yes,Closed with explanation,No
1360,2024-09-23,Checking account,Account access,Horizon Finance,CA,Referral,Yes,Closed with explanation,No
1361,2024-03-01,Checking account,Incorrect information,Union Lending,CA,Web,Yes,Closed with explanation,No
1362,2024-02-19,Mortgage,Unexpected fees,Capital Trust,NY,Web,No,In progress,No
1363,2024-09-13,Checking account,Communication,Capital Trust,GA,Referral,Yes,Closed with explanation,No
1364,2024-05-27,Credit card,Incorrect information,Metro Credit,NJ,Web,Yes,Closed with explanation,No
1365,2025-02-09,Checking account,Account access,Capital Trust,NY,Web,Yes,Closed with explanation,Yes
1366,2024-01-13,Credit card,Payment processing,North Bank,IL,Web,Yes,Closed with explanation,No
1367,2024-08-08,Checking account,Unexpected fees,Capital Trust,NJ,Web,Yes,Closed with explanation,Yes
1368,2024-11-26,Mortgage,Communication,North Bank,FL,Web,Yes,Closed with explanation,No
1369,2025-12-04,Debt collection,Account access,North Bank,TX,Web,No,In progress,No
1370,2025-04-08,Credit card,Incorrect information,North Bank,NC,Web,Yes,Closed with explanation,No
1371,2025-10-04,Mortgage,Unexpected fees,North Bank,IL,Web,Yes,Closed with explanation,No
1372,2024-09-07,Checking account,Unexpected fees,Horizon Finance,TX,Web,Yes,Closed with explanation,No
1373,2024-11-24,Credit card,Unexpected fees,Union Lending,FL,Referral,Yes,Closed with explanation,Yes
1374,2024-11-02,Credit card,Communication,Union Lending,FL,Web,Yes,Closed with explanation,No
1375,2025-10-09,Credit card,Unexpected fees,North Bank,TX,Web,Yes,Closed with explanation,Yes
1376,2025-12-01,Credit card,Account access,Metro Credit,NY,Phone,Yes,Closed with explanation,No
1377,2025-12-03,Checking account,Account access,North Bank,NJ,Web,Yes,Closed with explanation,No
1378,2025-07-02,Checking account,Unexpected fees,North Bank,GA,Web,Yes,Closed with explanation,No
1379,2025-01-02,Mortgage,Account access,Union Lending,NC,Web,Yes,Closed with explanation,No
1380,2025-01-29,Credit card,Unexpected fees,Union Lending,NJ,Web,Yes,Closed with explanation,No
1381,2025-12-16,Credit card,Incorrect information,Metro Credit,FL,Postal mail,Yes,Closed with explanation,No
1382,2024-07-26,Credit card,Account access,Metro Credit,CA,Web,Yes,Closed with explanation,No
1383,2024-09-10,Mortgage,Account access,Capital Trust,TX,Referral,Yes,Closed with explanation,No
1384,2025-10-16,Checking account,Incorrect information,Horizon Finance,NJ,Web,Yes,Closed with explanation,Yes
1385,2024-10-09,Mortgage,Payment processing,Metro Credit,FL,Web,Yes,Closed with explanation,No
1386,2024-06-20,Credit card,Payment processing,Capital Trust,GA,Web,No,In progress,Yes
1387,2025-02-13,Credit card,Unexpected fees,North Bank,NY,Web,Yes,Closed with explanation,Yes
1388,2024-08-25,Debt collection,Account access,Metro Credit,NC,Web,No,In progress,No
1389,2025-10-12,Credit card,Unexpected fees,Union Lending,IL,Web,Yes,Closed with explanation,No
1390,2025-10-25,Credit card,Payment processing,Horizon Finance,NC,Web,Yes,Closed with explanation,Yes
1391,2024-08-11,Credit card,Incorrect information,North Bank,FL,Referral,Yes,Closed with explanation,No
1392,2025-01-21,Debt collection,Payment processing,Capital Trust,NJ,Referral,Yes,Closed with explanation,No
1393,2025-12-19,Mortgage,Incorrect information,Metro Credit,IL,Web,Yes,Closed with explanation,No
1394,2025-06-25,Mortgage,Incorrect information,Union Lending,TX,Postal mail,Yes,Closed with explanation,No
1395,2024-06-06,Debt collection,Unexpected fees,Metro Credit,TX,Web,No,In progress,No
1396,2025-03-07,Credit card,Incorrect information,Union Lending,FL,Web,Yes,Closed with explanation,No
1397,2025-03-28,Debt collection,Account access,Capital Trust,TX,Web,No,In progress,Yes
1398,2025-04-22,Credit card,Incorrect information,Union Lending,NC,Web,Yes,Closed with explanation,No
1399,2024-01-19,Mortgage,Unexpected fees,Capital Trust,TX,Web,Yes,Closed with explanation,No
1400,2024-08-06,Checking account,Incorrect information,Horizon Finance,IL,Web,No,In progress,Yes
1401,2025-09-15,Checking account,Communication,North Bank,IL,Referral,Yes,Closed with explanation,No
1402,2024-06-25,Debt collection,Payment processing,Horizon Finance,IL,Web,No,In progress,No
1403,2024-08-06,Credit card,Unexpected fees,Horizon Finance,GA,Phone,Yes,Closed with explanation,No
1404,2024-08-23,Debt collection,Incorrect information,Union Lending,NC,Web,Yes,Closed with explanation,No
1405,2024-05-09,Checking account,Communication,Metro Credit,NC,Web,Yes,Closed with explanation,No
1406,2024-04-23,Mortgage,Payment processing,Union Lending,NJ,Web,Yes,Closed with explanation,No
1407,2024-09-10,Debt collection,Communication,Horizon Finance,NY,Web,Yes,Closed with explanation,No
1408,2025-09-30,Credit card,Incorrect information,Union Lending,GA,Web,Yes,Closed with explanation,No
1409,2024-01-02,Debt collection,Unexpected fees,Horizon Finance,TX,Phone,Yes,Closed with explanation,No
1410,2024-07-25,Mortgage,Incorrect information,Metro Credit,NC,Web,Yes,Closed with explanation,No
1411,2024-02-14,Consumer loan,Account access,Metro Credit,TX,Web,Yes,Closed with explanation,No
1412,2025-02-13,Credit card,Incorrect information,Capital Trust,CA,Phone,Yes,Closed with explanation,No
1413,2024-07-01,Mortgage,Incorrect information,North Bank,NJ,Phone,Yes,Closed with explanation,No
1414,2025-08-01,Consumer loan,Account access,Metro Credit,NJ,Postal mail,Yes,Closed with explanation,No
1415,2025-03-03,Checking account,Communication,Horizon Finance,TX,Web,Yes,Closed with explanation,No
1416,2025-07-26,Credit card,Payment processing,North Bank,NC,Web,Yes,Closed with explanation,No
1417,2025-04-08,Credit card,Payment processing,Capital Trust,CA,Web,Yes,Closed with explanation,No
1418,2024-11-16,Debt collection,Communication,Metro Credit,CA,Phone,Yes,Closed with explanation,No
1419,2025-09-20,Credit card,Communication,Metro Credit,NC,Web,Yes,Closed with explanation,No
1420,2024-12-13,Consumer loan,Incorrect information,Metro Credit,TX,Web,Yes,Closed with explanation,No
1421,2025-11-24,Debt collection,Unexpected fees,North Bank,TX,Postal mail,Yes,Closed with explanation,No
1422,2025-12-27,Credit card,Payment processing,Union Lending,NJ,Phone,No,In progress,No
1423,2025-03-05,Credit card,Communication,Horizon Finance,IL,Web,Yes,Closed with explanation,Yes
1424,2025-05-07,Consumer loan,Payment processing,Metro Credit,IL,Web,Yes,Closed with explanation,No
1425,2024-07-05,Credit card,Payment processing,Capital Trust,NC,Phone,Yes,Closed with explanation,No
1426,2025-08-17,Mortgage,Unexpected fees,Union Lending,CA,Web,Yes,Closed with explanation,No
1427,2025-05-05,Consumer loan,Unexpected fees,Horizon Finance,NC,Web,Yes,Closed with explanation,No
1428,2025-10-20,Mortgage,Incorrect information,Horizon Finance,FL,Web,Yes,Closed with explanation,No
1429,2024-07-13,Checking account,Unexpected fees,Union Lending,IL,Web,Yes,Closed with explanation,No
1430,2025-07-28,Consumer loan,Incorrect information,North Bank,FL,Web,No,In progress,No
1431,2024-12-09,Mortgage,Communication,Capital Trust,FL,Phone,Yes,Closed with explanation,No
1432,2024-05-15,Credit card,Incorrect information,Metro Credit,FL,Web,Yes,Closed with explanation,No
1433,2024-05-04,Mortgage,Unexpected fees,North Bank,IL,Referral,Yes,Closed with explanation,No
1434,2025-02-14,Debt collection,Communication,Horizon Finance,NC,Referral,Yes,Closed with explanation,No
1435,2024-08-21,Mortgage,Communication,Capital Trust,CA,Web,Yes,Closed with explanation,No
1436,2024-03-15,Checking account,Unexpected fees,Union Lending,GA,Phone,Yes,Closed with explanation,No
1437,2024-11-07,Checking account,Account access,Metro Credit,NJ,Web,Yes,Closed with explanation,No
1438,2025-04-21,Credit card,Account access,Metro Credit,GA,Referral,Yes,Closed with explanation,Yes
1439,2024-08-20,Credit card,Communication,Horizon Finance,NC,Web,Yes,Closed with explanation,No
1440,2025-11-28,Credit card,Payment processing,Metro Credit,CA,Web,Yes,Closed with explanation,No
1441,2025-07-23,Debt collection,Account access,Capital Trust,FL,Web,Yes,Closed with explanation,No
1442,2025-01-09,Credit card,Unexpected fees,Metro Credit,NY,Referral,Yes,Closed with explanation,No
1443,2025-11-13,Debt collection,Unexpected fees,Metro Credit,IL,Web,No,In progress,Yes
1444,2024-11-12,Credit card,Payment processing,North Bank,FL,Referral,Yes,Closed with explanation,No
1445,2024-04-11,Checking account,Communication,Union Lending,FL,Web,No,In progress,No
1446,2024-01-27,Checking account,Incorrect information,North Bank,NJ,Web,Yes,Closed with explanation,No
1447,2025-11-15,Checking account,Payment processing,Capital Trust,TX,Web,No,In progress,Yes
1448,2025-12-01,Consumer loan,Account access,Capital Trust,NC,Web,Yes,Closed with explanation,No
1449,2025-06-23,Debt collection,Incorrect information,North Bank,CA,Web,Yes,Closed with explanation,No
1450,2024-03-16,Debt collection,Incorrect information,North Bank,NY,Web,Yes,Closed with explanation,No
1451,2024-08-02,Credit card,Unexpected fees,Capital Trust,IL,Phone,Yes,Closed with explanation,No
1452,2024-01-30,Consumer loan,Unexpected fees,North Bank,NC,Phone,Yes,Closed with explanation,No
1453,2024-02-07,Credit card,Incorrect information,Horizon Finance,NJ,Web,Yes,Closed with explanation,No
1454,2024-06-28,Debt collection,Unexpected fees,Capital Trust,CA,Web,No,In progress,No
1455,2025-02-21,Mortgage,Communication,North Bank,GA,Web,Yes,Closed with explanation,No
1456,2024-02-17,Checking account,Payment processing,Union Lending,FL,Phone,Yes,Closed with explanation,No
1457,2025-12-19,Credit card,Unexpected fees,Metro Credit,NJ,Phone,Yes,Closed with explanation,No
1458,2024-11-28,Credit card,Payment processing,Horizon Finance,NJ,Referral,No,In progress,No
1459,2024-07-11,Credit card,Account access,Capital Trust,TX,Referral,Yes,Closed with explanation,Yes
1460,2025-01-11,Debt collection,Payment processing,Union Lending,FL,Web,Yes,Closed with explanation,No
1461,2025-07-30,Consumer loan,Unexpected fees,Metro Credit,NJ,Web,No,In progress,Yes
1462,2024-08-16,Debt collection,Incorrect information,Capital Trust,NC,Referral,No,In progress,No
1463,2024-02-04,Credit card,Unexpected fees,Horizon Finance,IL,Web,Yes,Closed with explanation,No
1464,2024-02-07,Mortgage,Communication,North Bank,TX,Web,Yes,Closed with explanation,No
1465,2025-09-13,Credit card,Account access,Metro Credit,NY,Web,Yes,Closed with explanation,No
1466,2024-03-22,Mortgage,Incorrect information,Metro Credit,NJ,Phone,Yes,Closed with explanation,No
1467,2025-04-08,Checking account,Communication,Union Lending,IL,Phone,Yes,Closed with explanation,No
1468,2024-10-07,Checking account,Communication,Capital Trust,TX,Postal mail,Yes,Closed with explanation,No
1469,2025-07-21,Mortgage,Account access,North Bank,FL,Web,Yes,Closed with explanation,No
1470,2024-02-14,Credit card,Payment processing,Union Lending,TX,Web,Yes,Closed with explanation,No
1471,2025-10-17,Checking account,Incorrect information,Capital Trust,NY,Web,Yes,Closed with explanation,No
1472,2025-05-24,Mortgage,Account access,Capital Trust,NY,Phone,No,In progress,No
1473,2024-11-23,Credit card,Communication,Union Lending,IL,Web,Yes,Closed with explanation,No
1474,2024-05-31,Debt collection,Account access,Metro Credit,NC,Postal mail,Yes,Closed with explanation,Yes
1475,2025-12-14,Mortgage,Incorrect information,North Bank,GA,Web,Yes,Closed with explanation,No
1476,2024-08-08,Debt collection,Payment processing,Capital Trust,IL,Phone,Yes,Closed with explanation,Yes
1477,2024-12-24,Mortgage,Payment processing,Horizon Finance,FL,Referral,Yes,Closed with explanation,Yes
1478,2024-10-14,Consumer loan,Payment processing,Metro Credit,GA,Web,Yes,Closed with explanation,No
1479,2024-06-17,Consumer loan,Payment processing,Union Lending,NC,Phone,Yes,Closed with explanation,No
1480,2024-10-31,Debt collection,Incorrect information,Union Lending,CA,Web,Yes,Closed with explanation,No
1481,2024-04-20,Mortgage,Incorrect information,Capital Trust,FL,Phone,Yes,Closed with explanation,No
1482,2024-01-02,Checking account,Payment processing,Capital Trust,CA,Referral,Yes,Closed with explanation,No
1483,2024-07-30,Credit card,Communication,Capital Trust,TX,Web,Yes,Closed with explanation,No
1484,2024-03-22,Mortgage,Incorrect information,North Bank,CA,Web,Yes,Closed with explanation,No
1485,2024-10-29,Credit card,Account access,North Bank,IL,Postal mail,Yes,Closed with explanation,No
1486,2025-09-21,Credit card,Account access,Metro Credit,NJ,Postal mail,Yes,Closed with explanation,No
1487,2024-04-28,Credit card,Unexpected fees,Union Lending,NC,Web,No,In progress,Yes
1488,2024-01-01,Mortgage,Payment processing,Horizon Finance,TX,Postal mail,Yes,Closed with explanation,No
1489,2024-03-22,Credit card,Communication,Capital Trust,GA,Web,Yes,Closed with explanation,Yes
1490,2025-01-05,Mortgage,Communication,Capital Trust,FL,Web,Yes,Closed with explanation,No
1491,2024-07-19,Consumer loan,Incorrect information,Capital Trust,FL,Web,Yes,Closed with explanation,No
1492,2024-12-23,Debt collection,Account access,North Bank,IL,Web,Yes,Closed with explanation,No
1493,2024-01-22,Checking account,Communication,Union Lending,GA,Web,Yes,Closed with explanation,No
1494,2024-08-31,Mortgage,Unexpected fees,Capital Trust,IL,Phone,Yes,Closed with explanation,No
1495,2024-10-26,Mortgage,Communication,Capital Trust,CA,Web,Yes,Closed with explanation,No
1496,2024-11-10,Checking account,Account access,Metro Credit,NY,Web,Yes,Closed with explanation,No
1497,2025-02-06,Mortgage,Account access,Union Lending,FL,Phone,Yes,Closed with explanation,No
1498,2025-07-23,Credit card,Unexpected fees,Horizon Finance,CA,Phone,Yes,Closed with explanation,No
1499,2024-12-07,Debt collection,Communication,North Bank,CA,Postal mail,Yes,Closed with explanation,No
1500,2025-09-06,Credit card,Account access,Metro Credit,NY,Web,Yes,Closed with explanation,No
1501,2025-01-21,Debt collection,Account access,Metro Credit,CA,Referral,Yes,Closed with explanation,No
1502,2024-07-09,Mortgage,Account access,Capital Trust,GA,Web,Yes,Closed with explanation,No
1503,2024-06-16,Credit card,Incorrect information,North Bank,CA,Web,Yes,Closed with explanation,No
1504,2024-08-23,Consumer loan,Payment processing,North Bank,TX,Phone,Yes,Closed with explanation,Yes
1505,2025-03-12,Credit card,Unexpected fees,Horizon Finance,NC,Web,No,In progress,Yes
1506,2024-06-26,Consumer loan,Unexpected fees,Horizon Finance,GA,Phone,Yes,Closed with explanation,No
1507,2025-10-29,Mortgage,Payment processing,Horizon Finance,IL,Web,Yes,Closed with explanation,No
1508,2024-12-16,Credit card,Incorrect information,North Bank,CA,Web,Yes,Closed with explanation,No
1509,2025-09-22,Credit card,Payment processing,Horizon Finance,CA,Web,Yes,Closed with explanation,No
1510,2025-05-13,Consumer loan,Account access,Capital Trust,NC,Web,Yes,Closed with explanation,Yes
1511,2024-08-31,Checking account,Payment processing,North Bank,NJ,Web,Yes,Closed with explanation,No
1512,2024-06-15,Debt collection,Incorrect information,Union Lending,NC,Web,Yes,Closed with explanation,No
1513,2025-06-27,Consumer loan,Payment processing,North Bank,NJ,Web,No,In progress,No
1514,2024-08-29,Consumer loan,Unexpected fees,Metro Credit,CA,Phone,Yes,Closed with explanation,No
1515,2024-06-29,Checking account,Communication,Capital Trust,NJ,Web,Yes,Closed with explanation,No
1516,2025-11-10,Consumer loan,Unexpected fees,Metro Credit,NY,Web,No,In progress,No
1517,2024-12-18,Debt collection,Incorrect information,Horizon Finance,GA,Web,No,In progress,No
1518,2024-02-05,Credit card,Account access,Metro Credit,NY,Web,Yes,Closed with explanation,No
1519,2024-12-27,Checking account,Incorrect information,Union Lending,GA,Web,Yes,Closed with explanation,No
1520,2024-12-02,Credit card,Unexpected fees,Horizon Finance,NJ,Phone,Yes,Closed with explanation,No
1521,2025-09-22,Checking account,Payment processing,Horizon Finance,NC,Referral,Yes,Closed with explanation,No
1522,2025-06-03,Consumer loan,Account access,Capital Trust,IL,Web,Yes,Closed with explanation,No
1523,2024-05-19,Checking account,Payment processing,Horizon Finance,FL,Phone,Yes,Closed with explanation,No
1524,2024-04-19,Mortgage,Communication,Horizon Finance,IL,Web,Yes,Closed with explanation,No
1525,2025-03-16,Checking account,Account access,Capital Trust,NY,Web,Yes,Closed with explanation,No
1526,2024-02-04,Credit card,Account access,Horizon Finance,TX,Web,Yes,Closed with explanation,No
1527,2024-08-20,Credit card,Incorrect information,Capital Trust,GA,Web,Yes,Closed with explanation,No
1528,2024-04-10,Debt collection,Unexpected fees,Union Lending,CA,Web,No,In progress,No
1529,2024-01-16,Mortgage,Payment processing,Capital Trust,NY,Web,Yes,Closed with explanation,Yes
1530,2025-11-01,Checking account,Incorrect information,Horizon Finance,GA,Web,Yes,Closed with explanation,Yes
1531,2024-03-06,Consumer loan,Unexpected fees,Horizon Finance,NC,Web,Yes,Closed with explanation,No
1532,2024-01-07,Credit card,Incorrect information,North Bank,IL,Web,Yes,Closed with explanation,No
1533,2025-11-12,Credit card,Communication,North Bank,NC,Phone,Yes,Closed with explanation,No
1534,2024-05-17,Credit card,Account access,North Bank,NJ,Referral,No,In progress,No
1535,2025-08-19,Debt collection,Payment processing,Union Lending,TX,Web,Yes,Closed with explanation,No
1536,2024-01-23,Consumer loan,Payment processing,Metro Credit,NJ,Web,Yes,Closed with explanation,No
1537,2024-04-22,Mortgage,Unexpected fees,Metro Credit,FL,Web,Yes,Closed with explanation,No
1538,2024-03-21,Credit card,Incorrect information,Union Lending,GA,Referral,Yes,Closed with explanation,No
1539,2025-05-30,Credit card,Unexpected fees,Metro Credit,TX,Web,Yes,Closed with explanation,No
1540,2025-03-28,Mortgage,Incorrect information,North Bank,IL,Web,Yes,Closed with explanation,Yes
1541,2024-12-13,Checking account,Unexpected fees,Horizon Finance,GA,Postal mail,Yes,Closed with explanation,No
1542,2024-06-25,Debt collection,Unexpected fees,Horizon Finance,NC,Web,No,In progress,Yes
1543,2024-03-05,Consumer loan,Payment processing,North Bank,NC,Web,Yes,Closed with explanation,No
1544,2025-02-19,Checking account,Unexpected fees,Metro Credit,NJ,Referral,Yes,Closed with explanation,No
1545,2024-06-17,Consumer loan,Incorrect information,Metro Credit,IL,Referral,Yes,Closed with explanation,No
1546,2025-03-06,Debt collection,Communication,Union Lending,NC,Web,Yes,Closed with explanation,Yes
1547,2025-05-16,Checking account,Incorrect information,Metro Credit,CA,Web,Yes,Closed with explanation,No
1548,2025-09-12,Mortgage,Unexpected fees,North Bank,NC,Web,Yes,Closed with explanation,No
1549,2024-12-26,Debt collection,Unexpected fees,Metro Credit,TX,Web,Yes,Closed with explanation,No
1550,2024-01-04,Credit card,Incorrect information,Horizon Finance,NY,Web,Yes,Closed with explanation,No
1551,2024-07-23,Debt collection,Communication,Union Lending,NC,Web,Yes,Closed with explanation,Yes
1552,2025-09-14,Credit card,Unexpected fees,North Bank,GA,Web,Yes,Closed with explanation,No
1553,2025-01-24,Mortgage,Payment processing,Capital Trust,NJ,Phone,Yes,Closed with explanation,No
1554,2025-03-27,Consumer loan,Incorrect information,Metro Credit,GA,Postal mail,Yes,Closed with explanation,No
1555,2024-11-30,Mortgage,Account access,Metro Credit,IL,Referral,No,In progress,No
1556,2024-04-28,Mortgage,Incorrect information,North Bank,TX,Web,No,In progress,No
1557,2025-10-16,Mortgage,Unexpected fees,Metro Credit,NC,Web,Yes,Closed with explanation,No
1558,2025-07-18,Credit card,Account access,Horizon Finance,GA,Web,Yes,Closed with explanation,No
1559,2025-12-27,Credit card,Communication,Union Lending,GA,Web,Yes,Closed with explanation,Yes
1560,2025-09-16,Credit card,Unexpected fees,Union Lending,NY,Web,Yes,Closed with explanation,No
1561,2024-07-31,Mortgage,Payment processing,Horizon Finance,NC,Phone,Yes,Closed with explanation,No
1562,2024-07-04,Checking account,Incorrect information,North Bank,NY,Web,Yes,Closed with explanation,No
1563,2024-06-30,Credit card,Unexpected fees,Metro Credit,TX,Web,Yes,Closed with explanation,No
1564,2025-11-01,Debt collection,Payment processing,Union Lending,TX,Web,Yes,Closed with explanation,No
1565,2025-02-10,Checking account,Account access,Union Lending,GA,Postal mail,Yes,Closed with explanation,No
1566,2024-11-27,Checking account,Account access,Horizon Finance,GA,Phone,Yes,Closed with explanation,No
1567,2025-12-07,Checking account,Payment processing,Horizon Finance,TX,Web,Yes,Closed with explanation,No
1568,2025-03-16,Credit card,Incorrect information,Horizon Finance,GA,Web,Yes,Closed with explanation,No
1569,2025-10-25,Consumer loan,Payment processing,Capital Trust,NC,Referral,Yes,Closed with explanation,No
1570,2025-12-19,Checking account,Communication,Horizon Finance,IL,Web,Yes,Closed with explanation,No
1571,2024-02-27,Credit card,Payment processing,Horizon Finance,NC,Web,Yes,Closed with explanation,No
1572,2024-09-20,Debt collection,Unexpected fees,Metro Credit,TX,Phone,No,In progress,Yes
1573,2025-06-19,Debt collection,Unexpected fees,Horizon Finance,NY,Phone,No,In progress,No
1574,2025-08-16,Consumer loan,Communication,Union Lending,IL,Web,Yes,Closed with explanation,No
1575,2024-04-18,Debt collection,Payment processing,Capital Trust,FL,Referral,Yes,Closed with explanation,No
1576,2024-08-20,Debt collection,Communication,Union Lending,CA,Web,Yes,Closed with explanation,No
1577,2025-02-04,Checking account,Communication,Union Lending,NY,Web,Yes,Closed with explanation,No
1578,2025-08-06,Mortgage,Account access,Union Lending,FL,Web,Yes,Closed with explanation,No
1579,2024-03-23,Mortgage,Incorrect information,North Bank,TX,Web,No,In progress,Yes
1580,2025-03-14,Credit card,Unexpected fees,Metro Credit,FL,Web,Yes,Closed with explanation,No
1581,2024-08-04,Credit card,Unexpected fees,Metro Credit,NY,Phone,Yes,Closed with explanation,No
1582,2024-06-06,Credit card,Communication,Union Lending,NC,Referral,No,In progress,No
1583,2025-01-11,Mortgage,Unexpected fees,Union Lending,NY,Web,Yes,Closed with explanation,No
1584,2024-10-29,Consumer loan,Unexpected fees,North Bank,NY,Phone,Yes,Closed with explanation,No
1585,2025-04-09,Consumer loan,Communication,North Bank,NY,Postal mail,Yes,Closed with explanation,Yes
1586,2024-08-19,Checking account,Incorrect information,Horizon Finance,IL,Web,Yes,Closed with explanation,Yes
1587,2025-08-23,Credit card,Payment processing,Capital Trust,FL,Phone,Yes,Closed with explanation,No
1588,2024-02-27,Checking account,Account access,North Bank,NJ,Postal mail,Yes,Closed with explanation,No
1589,2025-09-21,Mortgage,Communication,Capital Trust,NY,Phone,Yes,Closed with explanation,No
1590,2024-01-22,Debt collection,Account access,North Bank,NY,Web,Yes,Closed with explanation,No
1591,2025-06-21,Debt collection,Account access,Metro Credit,CA,Referral,No,In progress,No
1592,2024-09-09,Debt collection,Communication,Union Lending,NC,Phone,No,In progress,No
1593,2024-10-06,Debt collection,Communication,Union Lending,NY,Web,Yes,Closed with explanation,No
1594,2024-01-14,Debt collection,Payment processing,Capital Trust,TX,Web,Yes,Closed with explanation,No
1595,2025-05-27,Checking account,Payment processing,North Bank,TX,Web,Yes,Closed with explanation,No
1596,2024-04-30,Credit card,Communication,North Bank,FL,Web,Yes,Closed with explanation,No
1597,2025-04-26,Credit card,Communication,Horizon Finance,NJ,Web,No,In progress,No
1598,2025-06-13,Checking account,Payment processing,Horizon Finance,CA,Web,Yes,Closed with explanation,No
1599,2025-09-09,Credit card,Unexpected fees,Metro Credit,CA,Referral,Yes,Closed with explanation,No
1600,2025-05-31,Credit card,Payment processing,Union Lending,IL,Phone,Yes,Closed with explanation,No
1601,2024-08-08,Debt collection,Unexpected fees,Metro Credit,NY,Web,Yes,Closed with explanation,No
1602,2025-06-23,Credit card,Account access,Capital Trust,NC,Web,Yes,Closed with explanation,No
1603,2025-08-25,Debt collection,Account access,North Bank,NJ,Web,Yes,Closed with explanation,No
1604,2024-08-19,Consumer loan,Communication,Union Lending,GA,Web,Yes,Closed with explanation,No
1605,2024-03-31,Mortgage,Account access,Horizon Finance,FL,Web,Yes,Closed with explanation,No
1606,2025-10-11,Consumer loan,Communication,North Bank,GA,Web,Yes,Closed with explanation,No
1607,2024-04-17,Checking account,Communication,Union Lending,IL,Postal mail,Yes,Closed with explanation,No
1608,2025-03-09,Mortgage,Communication,North Bank,FL,Web,Yes,Closed with explanation,No
1609,2024-06-21,Credit card,Incorrect information,Horizon Finance,FL,Web,Yes,Closed with explanation,No
1610,2024-04-01,Debt collection,Payment processing,Union Lending,NC,Referral,Yes,Closed with explanation,No
1611,2025-07-20,Checking account,Unexpected fees,North Bank,IL,Web,Yes,Closed with explanation,No
1612,2024-04-14,Credit card,Account access,Metro Credit,NY,Web,Yes,Closed with explanation,No
1613,2025-05-04,Consumer loan,Account access,Metro Credit,NJ,Web,Yes,Closed with explanation,No
1614,2025-05-20,Mortgage,Unexpected fees,Capital Trust,FL,Phone,Yes,Closed with explanation,No
1615,2024-02-13,Checking account,Communication,Metro Credit,TX,Web,Yes,Closed with explanation,No
1616,2024-05-06,Mortgage,Communication,Capital Trust,NC,Referral,Yes,Closed with explanation,No
1617,2025-08-02,Credit card,Account access,Horizon Finance,NJ,Web,Yes,Closed with explanation,No
1618,2025-01-05,Consumer loan,Incorrect information,Capital Trust,NY,Referral,Yes,Closed with explanation,No
1619,2024-03-29,Checking account,Incorrect information,Capital Trust,NC,Web,Yes,Closed with explanation,No
1620,2025-12-24,Checking account,Unexpected fees,Metro Credit,FL,Phone,No,In progress,No
1621,2024-07-12,Credit card,Communication,Horizon Finance,GA,Phone,No,In progress,No
1622,2024-01-03,Checking account,Account access,Union Lending,CA,Web,Yes,Closed with explanation,No
1623,2025-11-05,Checking account,Incorrect information,North Bank,GA,Phone,Yes,Closed with explanation,No
1624,2024-01-13,Checking account,Account access,Union Lending,TX,Phone,Yes,Closed with explanation,No
1625,2025-02-07,Credit card,Communication,Horizon Finance,TX,Web,No,In progress,No
1626,2025-12-25,Credit card,Account access,North Bank,NJ,Phone,Yes,Closed with explanation,No
1627,2025-02-25,Mortgage,Account access,Capital Trust,TX,Web,Yes,Closed with explanation,No
1628,2025-03-02,Credit card,Incorrect information,Metro Credit,NY,Web,No,In progress,No
1629,2024-10-10,Consumer loan,Communication,Capital Trust,NC,Web,Yes,Closed with explanation,No
1630,2024-04-02,Debt collection,Incorrect information,Metro Credit,NC,Web,No,In progress,No
1631,2025-02-22,Checking account,Communication,Horizon Finance,NY,Web,Yes,Closed with explanation,Yes
1632,2025-10-17,Debt collection,Unexpected fees,Metro Credit,CA,Web,Yes,Closed with explanation,No
1633,2024-03-07,Credit card,Incorrect information,Capital Trust,FL,Web,Yes,Closed with explanation,No
1634,2025-10-04,Credit card,Unexpected fees,Capital Trust,IL,Web,Yes,Closed with explanation,No
1635,2024-10-29,Consumer loan,Incorrect information,Union Lending,FL,Web,Yes,Closed with explanation,Yes
1636,2025-01-26,Consumer loan,Incorrect information,Capital Trust,GA,Web,Yes,Closed with explanation,No
1637,2024-04-30,Debt collection,Incorrect information,Union Lending,NC,Postal mail,Yes,Closed with explanation,No
1638,2025-03-29,Credit card,Payment processing,Metro Credit,IL,Phone,Yes,Closed with explanation,No
1639,2024-05-13,Consumer loan,Communication,Capital Trust,IL,Web,Yes,Closed with explanation,No
1640,2024-07-18,Checking account,Unexpected fees,Horizon Finance,IL,Web,Yes,Closed with explanation,No
1641,2025-06-10,Checking account,Payment processing,Metro Credit,TX,Web,Yes,Closed with explanation,No
1642,2024-02-06,Credit card,Unexpected fees,North Bank,IL,Web,Yes,Closed with explanation,No
1643,2024-11-22,Debt collection,Account access,Union Lending,NC,Web,No,In progress,Yes
1644,2025-03-10,Credit card,Unexpected fees,Metro Credit,GA,Phone,Yes,Closed with explanation,No
1645,2024-04-06,Debt collection,Communication,Union Lending,NJ,Web,Yes,Closed with explanation,Yes
1646,2024-08-03,Mortgage,Account access,North Bank,NJ,Web,Yes,Closed with explanation,No
1647,2024-09-07,Consumer loan,Account access,Union Lending,NY,Phone,Yes,Closed with explanation,No
1648,2025-04-29,Consumer loan,Communication,Union Lending,FL,Web,Yes,Closed with explanation,No
1649,2025-12-13,Debt collection,Payment processing,Horizon Finance,NC,Referral,Yes,Closed with explanation,No
1650,2025-09-02,Credit card,Incorrect information,Union Lending,NY,Postal mail,Yes,Closed with explanation,No
1651,2024-05-18,Credit card,Incorrect information,Capital Trust,GA,Web,Yes,Closed with explanation,No
1652,2024-01-14,Mortgage,Unexpected fees,Capital Trust,GA,Phone,Yes,Closed with explanation,No
1653,2024-02-07,Checking account,Incorrect information,Horizon Finance,CA,Phone,Yes,Closed with explanation,No
1654,2025-03-10,Credit card,Payment processing,Capital Trust,FL,Web,Yes,Closed with explanation,No
1655,2024-04-24,Credit card,Account access,Capital Trust,FL,Web,Yes,Closed with explanation,No
1656,2024-06-17,Checking account,Incorrect information,North Bank,TX,Phone,Yes,Closed with explanation,No
1657,2025-09-10,Credit card,Account access,Metro Credit,NJ,Web,Yes,Closed with explanation,No
1658,2025-09-29,Credit card,Communication,Union Lending,NC,Web,No,In progress,Yes
1659,2025-09-04,Debt collection,Communication,Horizon Finance,NC,Web,No,In progress,Yes
1660,2024-07-04,Checking account,Communication,North Bank,TX,Web,Yes,Closed with explanation,No
1661,2025-03-28,Debt collection,Communication,Horizon Finance,NY,Web,Yes,Closed with explanation,No
1662,2025-03-21,Debt collection,Payment processing,Metro Credit,TX,Postal mail,Yes,Closed with explanation,No
1663,2024-05-15,Credit card,Communication,Union Lending,CA,Web,Yes,Closed with explanation,No
1664,2025-02-08,Consumer loan,Communication,Horizon Finance,IL,Web,Yes,Closed with explanation,No
1665,2025-01-18,Mortgage,Payment processing,North Bank,NJ,Phone,Yes,Closed with explanation,No
1666,2024-10-16,Consumer loan,Account access,North Bank,CA,Web,Yes,Closed with explanation,No
1667,2025-07-02,Credit card,Communication,Metro Credit,GA,Phone,Yes,Closed with explanation,No
1668,2025-05-09,Credit card,Account access,North Bank,CA,Web,Yes,Closed with explanation,No
1669,2025-01-23,Credit card,Incorrect information,Capital Trust,NJ,Web,Yes,Closed with explanation,No
1670,2025-06-13,Mortgage,Incorrect information,Metro Credit,CA,Web,Yes,Closed with explanation,No
1671,2025-07-11,Debt collection,Account access,Union Lending,NY,Postal mail,Yes,Closed with explanation,No
1672,2025-02-17,Consumer loan,Incorrect information,North Bank,CA,Referral,Yes,Closed with explanation,No
1673,2024-07-14,Consumer loan,Incorrect information,Horizon Finance,NY,Web,Yes,Closed with explanation,Yes
1674,2025-07-07,Debt collection,Unexpected fees,Capital Trust,NY,Web,Yes,Closed with explanation,No
1675,2025-06-07,Consumer loan,Account access,Union Lending,IL,Web,Yes,Closed with explanation,No
1676,2025-12-18,Credit card,Account access,Metro Credit,NJ,Referral,Yes,Closed with explanation,No
1677,2024-04-19,Debt collection,Account access,Union Lending,NC,Phone,Yes,Closed with explanation,No
1678,2024-11-02,Checking account,Account access,Horizon Finance,FL,Web,Yes,Closed with explanation,No
1679,2025-11-05,Credit card,Communication,Metro Credit,NC,Referral,Yes,Closed with explanation,No
1680,2025-01-10,Mortgage,Unexpected fees,Capital Trust,NY,Web,Yes,Closed with explanation,Yes
1681,2025-11-19,Debt collection,Account access,Capital Trust,CA,Web,No,In progress,No
1682,2024-01-10,Credit card,Payment processing,Horizon Finance,IL,Web,Yes,Closed with explanation,Yes
1683,2024-01-26,Mortgage,Unexpected fees,North Bank,GA,Web,Yes,Closed with explanation,No
1684,2025-08-04,Credit card,Incorrect information,Horizon Finance,FL,Web,Yes,Closed with explanation,No
1685,2024-09-18,Credit card,Incorrect information,Horizon Finance,IL,Web,Yes,Closed with explanation,No
1686,2025-01-14,Credit card,Unexpected fees,Capital Trust,NY,Phone,Yes,Closed with explanation,No
1687,2024-11-08,Consumer loan,Unexpected fees,Union Lending,TX,Postal mail,Yes,Closed with explanation,No
1688,2024-10-24,Debt collection,Incorrect information,Metro Credit,NY,Web,Yes,Closed with explanation,No
1689,2025-11-16,Credit card,Unexpected fees,Horizon Finance,NY,Web,Yes,Closed with explanation,No
1690,2024-03-09,Checking account,Payment processing,North Bank,FL,Phone,Yes,Closed with explanation,No
1691,2025-07-17,Credit card,Communication,Horizon Finance,NC,Web,Yes,Closed with explanation,No
1692,2025-10-11,Credit card,Account access,Horizon Finance,NY,Phone,Yes,Closed with explanation,No
1693,2025-04-24,Mortgage,Incorrect information,Horizon Finance,GA,Web,Yes,Closed with explanation,No
1694,2024-10-15,Consumer loan,Payment processing,Horizon Finance,CA,Web,Yes,Closed with explanation,No
1695,2024-04-26,Mortgage,Incorrect information,Horizon Finance,FL,Referral,No,In progress,No
1696,2025-05-13,Checking account,Incorrect information,Union Lending,NC,Web,Yes,Closed with explanation,No
1697,2024-12-08,Mortgage,Account access,Horizon Finance,NC,Web,Yes,Closed with explanation,No
1698,2024-04-19,Credit card,Account access,North Bank,NC,Web,Yes,Closed with explanation,No
1699,2024-09-19,Credit card,Unexpected fees,Union Lending,CA,Phone,Yes,Closed with explanation,No
1700,2025-12-02,Debt collection,Communication,Union Lending,NJ,Postal mail,Yes,Closed with explanation,No
1701,2024-07-12,Consumer loan,Incorrect information,Union Lending,FL,Web,Yes,Closed with explanation,No
1702,2024-05-10,Debt collection,Incorrect information,Union Lending,CA,Web,Yes,Closed with explanation,No
1703,2025-05-12,Debt collection,Account access,North Bank,CA,Web,Yes,Closed with explanation,No
1704,2024-05-25,Mortgage,Account access,Capital Trust,NJ,Web,Yes,Closed with explanation,No
1705,2025-11-02,Debt collection,Communication,Capital Trust,IL,Web,No,In progress,Yes
1706,2025-09-19,Checking account,Incorrect information,North Bank,IL,Web,Yes,Closed with explanation,No
1707,2025-12-18,Credit card,Account access,Metro Credit,NC,Web,Yes,Closed with explanation,No
1708,2025-10-28,Credit card,Incorrect information,Metro Credit,CA,Web,Yes,Closed with explanation,No
1709,2024-06-26,Credit card,Incorrect information,Capital Trust,CA,Web,No,In progress,Yes
1710,2024-06-03,Credit card,Account access,Capital Trust,NC,Web,Yes,Closed with explanation,No
1711,2024-09-07,Checking account,Payment processing,Metro Credit,IL,Web,No,In progress,No
1712,2024-12-08,Consumer loan,Incorrect information,Union Lending,NJ,Web,Yes,Closed with explanation,No
1713,2025-10-04,Consumer loan,Communication,Metro Credit,IL,Web,Yes,Closed with explanation,No
1714,2025-06-19,Mortgage,Account access,North Bank,TX,Web,Yes,Closed with explanation,No
1715,2025-04-15,Credit card,Account access,Metro Credit,IL,Web,Yes,Closed with explanation,Yes
1716,2025-10-03,Consumer loan,Communication,North Bank,NC,Web,Yes,Closed with explanation,No
1717,2025-04-16,Checking account,Unexpected fees,Capital Trust,CA,Web,Yes,Closed with explanation,No
1718,2024-10-03,Credit card,Unexpected fees,Union Lending,TX,Web,Yes,Closed with explanation,No
1719,2024-10-28,Checking account,Payment processing,North Bank,FL,Web,Yes,Closed with explanation,No
1720,2025-01-12,Checking account,Incorrect information,Horizon Finance,NY,Web,Yes,Closed with explanation,No
1721,2024-03-05,Checking account,Communication,Metro Credit,GA,Web,Yes,Closed with explanation,No
1722,2025-06-25,Debt collection,Communication,Horizon Finance,TX,Web,Yes,Closed with explanation,No
1723,2025-04-21,Consumer loan,Communication,Capital Trust,NC,Web,Yes,Closed with explanation,No
1724,2025-06-17,Consumer loan,Account access,Capital Trust,TX,Web,Yes,Closed with explanation,No
1725,2025-01-24,Credit card,Payment processing,Capital Trust,TX,Phone,Yes,Closed with explanation,Yes
1726,2025-07-25,Debt collection,Communication,Metro Credit,NC,Web,No,In progress,No
1727,2025-11-24,Consumer loan,Incorrect information,North Bank,NY,Referral,Yes,Closed with explanation,No
1728,2025-02-20,Credit card,Unexpected fees,North Bank,IL,Web,Yes,Closed with explanation,No
1729,2024-11-20,Mortgage,Account access,North Bank,NY,Referral,Yes,Closed with explanation,No
1730,2024-03-17,Checking account,Payment processing,Union Lending,FL,Phone,Yes,Closed with explanation,No
1731,2025-07-22,Checking account,Payment processing,Union Lending,IL,Web,Yes,Closed with explanation,Yes
1732,2025-10-21,Credit card,Communication,Capital Trust,NJ,Web,Yes,Closed with explanation,No
1733,2025-05-25,Mortgage,Account access,North Bank,CA,Web,Yes,Closed with explanation,No
1734,2025-09-23,Credit card,Incorrect information,Metro Credit,NC,Web,Yes,Closed with explanation,No
1735,2025-09-20,Credit card,Incorrect information,Union Lending,TX,Web,Yes,Closed with explanation,No
1736,2025-08-05,Credit card,Communication,Union Lending,NC,Postal mail,No,In progress,Yes
1737,2025-01-02,Debt collection,Account access,Horizon Finance,NC,Phone,Yes,Closed with explanation,No
1738,2024-03-13,Checking account,Payment processing,North Bank,NC,Postal mail,Yes,Closed with explanation,No
1739,2024-01-03,Checking account,Account access,Horizon Finance,GA,Referral,Yes,Closed with explanation,No
1740,2024-05-29,Checking account,Communication,North Bank,NC,Phone,Yes,Closed with explanation,No
1741,2024-11-10,Debt collection,Unexpected fees,Horizon Finance,NJ,Phone,Yes,Closed with explanation,No
1742,2025-06-26,Mortgage,Incorrect information,Capital Trust,GA,Web,Yes,Closed with explanation,No
1743,2024-11-28,Debt collection,Payment processing,North Bank,NC,Referral,No,In progress,Yes
1744,2024-01-17,Checking account,Account access,North Bank,FL,Web,Yes,Closed with explanation,No
1745,2024-06-02,Credit card,Communication,Union Lending,NJ,Web,Yes,Closed with explanation,No
1746,2025-12-15,Mortgage,Incorrect information,North Bank,NC,Web,Yes,Closed with explanation,No
1747,2025-12-22,Checking account,Unexpected fees,Capital Trust,GA,Web,Yes,Closed with explanation,No
1748,2024-10-02,Debt collection,Communication,Union Lending,CA,Postal mail,Yes,Closed with explanation,No
1749,2025-08-10,Debt collection,Communication,Horizon Finance,TX,Web,Yes,Closed with explanation,No
1750,2025-06-09,Checking account,Incorrect information,Metro Credit,TX,Web,Yes,Closed with explanation,No
1751,2025-11-10,Debt collection,Communication,Metro Credit,IL,Web,Yes,Closed with explanation,No
1752,2025-10-09,Mortgage,Incorrect information,Metro Credit,NY,Web,Yes,Closed with explanation,No
1753,2025-04-03,Checking account,Incorrect information,Capital Trust,NJ,Web,Yes,Closed with explanation,No
1754,2024-10-15,Checking account,Communication,Union Lending,FL,Phone,Yes,Closed with explanation,No
1755,2025-04-02,Credit card,Incorrect information,Metro Credit,TX,Web,Yes,Closed with explanation,No
1756,2024-08-20,Debt collection,Unexpected fees,North Bank,IL,Web,Yes,Closed with explanation,No
1757,2024-09-11,Credit card,Incorrect information,Horizon Finance,TX,Web,Yes,Closed with explanation,No
1758,2025-03-20,Checking account,Account access,Union Lending,NC,Web,Yes,Closed with explanation,No
1759,2025-02-21,Mortgage,Incorrect information,Union Lending,CA,Web,Yes,Closed with explanation,No
1760,2025-02-28,Credit card,Unexpected fees,Metro Credit,NY,Referral,Yes,Closed with explanation,No
1761,2024-10-07,Credit card,Unexpected fees,Horizon Finance,NC,Referral,Yes,Closed with explanation,No
1762,2024-10-25,Consumer loan,Payment processing,North Bank,IL,Phone,Yes,Closed with explanation,No
1763,2024-01-08,Credit card,Account access,Horizon Finance,NJ,Web,No,In progress,No
1764,2025-03-15,Checking account,Incorrect information,Union Lending,NY,Web,Yes,Closed with explanation,No
1765,2025-02-24,Checking account,Account access,Metro Credit,NJ,Referral,Yes,Closed with explanation,No
1766,2025-11-13,Credit card,Account access,Metro Credit,GA,Postal mail,Yes,Closed with explanation,No
1767,2025-01-03,Credit card,Unexpected fees,Horizon Finance,IL,Web,No,In progress,No
1768,2024-12-07,Consumer loan,Account access,Capital Trust,CA,Phone,Yes,Closed with explanation,No
1769,2024-02-19,Debt collection,Unexpected fees,Union Lending,NC,Web,No,In progress,No
1770,2024-05-23,Credit card,Unexpected fees,Capital Trust,CA,Web,No,In progress,No
1771,2024-09-03,Debt collection,Payment processing,North Bank,FL,Postal mail,Yes,Closed with explanation,Yes
1772,2024-10-02,Mortgage,Unexpected fees,Capital Trust,GA,Postal mail,Yes,Closed with explanation,No
1773,2024-09-21,Mortgage,Unexpected fees,North Bank,NJ,Postal mail,Yes,Closed with explanation,No
1774,2024-10-14,Consumer loan,Incorrect information,Metro Credit,IL,Web,No,In progress,No
1775,2025-07-15,Consumer loan,Payment processing,Horizon Finance,NY,Web,No,In progress,No
1776,2024-04-05,Debt collection,Payment processing,Metro Credit,NY,Referral,Yes,Closed with explanation,Yes
1777,2024-08-30,Checking account,Payment processing,Capital Trust,NC,Phone,Yes,Closed with explanation,No
1778,2024-04-28,Mortgage,Incorrect information,Capital Trust,FL,Web,Yes,Closed with explanation,Yes
1779,2024-08-12,Checking account,Account access,Horizon Finance,NJ,Web,Yes,Closed with explanation,No
1780,2025-05-14,Credit card,Unexpected fees,Horizon Finance,CA,Web,No,In progress,No
1781,2024-02-04,Mortgage,Payment processing,Union Lending,GA,Web,Yes,Closed with explanation,No
1782,2024-09-04,Credit card,Unexpected fees,Union Lending,GA,Referral,Yes,Closed with explanation,No
1783,2024-01-18,Checking account,Account access,Horizon Finance,GA,Web,Yes,Closed with explanation,No
1784,2025-11-28,Credit card,Account access,Capital Trust,NY,Web,Yes,Closed with explanation,No
1785,2025-06-14,Credit card,Payment processing,North Bank,GA,Web,Yes,Closed with explanation,No
1786,2024-06-26,Mortgage,Payment processing,Metro Credit,NY,Web,Yes,Closed with explanation,No
1787,2024-05-24,Mortgage,Communication,North Bank,IL,Web,Yes,Closed with explanation,No
1788,2024-03-13,Checking account,Account access,North Bank,NC,Web,Yes,Closed with explanation,No
1789,2024-12-11,Credit card,Communication,North Bank,GA,Phone,Yes,Closed with explanation,No
1790,2025-07-04,Checking account,Communication,Union Lending,GA,Web,Yes,Closed with explanation,Yes
1791,2025-03-02,Checking account,Account access,Capital Trust,NC,Web,Yes,Closed with explanation,No
1792,2025-10-05,Consumer loan,Payment processing,Horizon Finance,TX,Web,Yes,Closed with explanation,No
1793,2024-09-07,Mortgage,Communication,Horizon Finance,IL,Web,Yes,Closed with explanation,No
1794,2024-07-22,Mortgage,Communication,Metro Credit,GA,Web,Yes,Closed with explanation,Yes
1795,2024-12-14,Checking account,Unexpected fees,North Bank,GA,Phone,Yes,Closed with explanation,No
1796,2024-05-27,Debt collection,Payment processing,Horizon Finance,TX,Web,Yes,Closed with explanation,No
1797,2025-12-13,Consumer loan,Account access,North Bank,NJ,Web,Yes,Closed with explanation,No
1798,2024-05-15,Mortgage,Incorrect information,Union Lending,TX,Web,Yes,Closed with explanation,No
1799,2024-12-15,Checking account,Unexpected fees,Horizon Finance,NY,Web,Yes,Closed with explanation,No
1800,2025-01-16,Credit card,Communication,Metro Credit,GA,Web,Yes,Closed with explanation,Yes
1801,2024-02-11,Debt collection,Communication,North Bank,FL,Web,Yes,Closed with explanation,No
1802,2024-12-07,Checking account,Payment processing,Metro Credit,TX,Web,Yes,Closed with explanation,No
1803,2024-11-27,Credit card,Communication,North Bank,GA,Web,Yes,Closed with explanation,No
1804,2024-07-08,Debt collection,Account access,Union Lending,FL,Phone,Yes,Closed with explanation,No
1805,2024-04-03,Consumer loan,Payment processing,Horizon Finance,NJ,Web,Yes,Closed with explanation,Yes
1806,2024-02-02,Credit card,Incorrect information,Union Lending,NC,Referral,Yes,Closed with explanation,No
1807,2024-01-07,Credit card,Unexpected fees,Horizon Finance,FL,Web,Yes,Closed with explanation,No
1808,2024-12-17,Credit card,Incorrect information,Capital Trust,GA,Web,Yes,Closed with explanation,No
1809,2024-03-06,Mortgage,Communication,Union Lending,TX,Web,Yes,Closed with explanation,No
1810,2025-12-01,Credit card,Payment processing,North Bank,NC,Web,Yes,Closed with explanation,No
1811,2024-06-27,Debt collection,Communication,North Bank,TX,Referral,No,In progress,Yes
1812,2025-04-21,Debt collection,Account access,Capital Trust,NC,Postal mail,Yes,Closed with explanation,No
1813,2025-05-06,Mortgage,Account access,Metro Credit,NJ,Referral,Yes,Closed with explanation,No
1814,2024-12-27,Mortgage,Payment processing,Union Lending,FL,Web,Yes,Closed with explanation,No
1815,2025-10-07,Checking account,Account access,Union Lending,NJ,Referral,Yes,Closed with explanation,No
1816,2024-03-21,Credit card,Unexpected fees,Union Lending,GA,Web,Yes,Closed with explanation,No
1817,2024-06-19,Consumer loan,Unexpected fees,Metro Credit,GA,Referral,Yes,Closed with explanation,No
1818,2024-07-03,Credit card,Account access,Metro Credit,NY,Web,Yes,Closed with explanation,No
1819,2024-04-08,Credit card,Incorrect information,Horizon Finance,TX,Referral,Yes,Closed with explanation,No
1820,2024-08-03,Checking account,Incorrect information,North Bank,GA,Phone,Yes,Closed with explanation,Yes
1821,2024-08-16,Credit card,Incorrect information,Metro Credit,CA,Web,Yes,Closed with explanation,No
1822,2025-07-12,Checking account,Incorrect information,Horizon Finance,FL,Postal mail,Yes,Closed with explanation,No
1823,2024-08-08,Consumer loan,Incorrect information,Metro Credit,TX,Phone,Yes,Closed with explanation,No
1824,2025-10-01,Debt collection,Incorrect information,Metro Credit,CA,Referral,No,In progress,No
1825,2025-07-18,Mortgage,Incorrect information,Capital Trust,CA,Web,Yes,Closed with explanation,No
1826,2025-10-20,Debt collection,Communication,Metro Credit,CA,Web,Yes,Closed with explanation,No
1827,2024-03-17,Checking account,Incorrect information,Capital Trust,NC,Phone,Yes,Closed with explanation,No
1828,2025-12-19,Debt collection,Account access,Capital Trust,NJ,Web,Yes,Closed with explanation,Yes
1829,2025-03-24,Mortgage,Incorrect information,Union Lending,NC,Phone,Yes,Closed with explanation,Yes
1830,2025-12-18,Credit card,Communication,North Bank,CA,Web,Yes,Closed with explanation,No
1831,2024-09-16,Debt collection,Unexpected fees,Metro Credit,NC,Web,Yes,Closed with explanation,No
1832,2025-11-26,Checking account,Payment processing,Capital Trust,IL,Phone,Yes,Closed with explanation,Yes
1833,2025-03-05,Credit card,Payment processing,North Bank,NJ,Web,Yes,Closed with explanation,No
1834,2024-02-22,Credit card,Payment processing,Horizon Finance,NJ,Referral,Yes,Closed with explanation,No
1835,2024-10-26,Checking account,Payment processing,Horizon Finance,FL,Referral,Yes,Closed with explanation,No
1836,2024-04-10,Checking account,Account access,Capital Trust,GA,Web,Yes,Closed with explanation,No
1837,2025-11-18,Mortgage,Payment processing,Capital Trust,GA,Web,Yes,Closed with explanation,No
1838,2024-08-10,Debt collection,Communication,Metro Credit,NY,Web,Yes,Closed with explanation,No
1839,2024-06-11,Checking account,Unexpected fees,Horizon Finance,NY,Web,Yes,Closed with explanation,No
1840,2025-02-07,Mortgage,Communication,Union Lending,TX,Referral,Yes,Closed with explanation,No
1841,2024-11-06,Checking account,Communication,Capital Trust,TX,Web,Yes,Closed with explanation,Yes
1842,2024-03-11,Debt collection,Payment processing,Horizon Finance,NC,Web,Yes,Closed with explanation,Yes
1843,2025-08-19,Credit card,Communication,North Bank,GA,Web,Yes,Closed with explanation,No
1844,2025-09-09,Credit card,Incorrect information,Capital Trust,IL,Web,Yes,Closed with explanation,No
1845,2025-06-26,Mortgage,Account access,Horizon Finance,GA,Phone,Yes,Closed with explanation,No
1846,2025-03-26,Consumer loan,Payment processing,North Bank,NY,Web,Yes,Closed with explanation,No
1847,2024-10-20,Consumer loan,Communication,North Bank,TX,Web,Yes,Closed with explanation,No
1848,2025-01-30,Mortgage,Incorrect information,Metro Credit,NC,Web,Yes,Closed with explanation,No
1849,2025-01-15,Consumer loan,Communication,Union Lending,NC,Web,Yes,Closed with explanation,No
1850,2024-04-30,Checking account,Incorrect information,Capital Trust,TX,Web,Yes,Closed with explanation,Yes
1851,2024-02-29,Credit card,Unexpected fees,Horizon Finance,NJ,Phone,Yes,Closed with explanation,No
1852,2024-07-03,Credit card,Payment processing,North Bank,NY,Web,Yes,Closed with explanation,No
1853,2024-11-27,Credit card,Unexpected fees,Capital Trust,GA,Web,Yes,Closed with explanation,No
1854,2024-04-27,Checking account,Communication,Union Lending,CA,Web,Yes,Closed with explanation,No
1855,2024-03-18,Mortgage,Communication,Horizon Finance,NY,Phone,Yes,Closed with explanation,No
1856,2025-09-13,Checking account,Incorrect information,North Bank,CA,Web,Yes,Closed with explanation,No
1857,2024-09-30,Mortgage,Unexpected fees,Capital Trust,NJ,Web,Yes,Closed with explanation,No
1858,2025-03-02,Checking account,Incorrect information,North Bank,NY,Phone,Yes,Closed with explanation,No
1859,2025-01-17,Consumer loan,Payment processing,Union Lending,FL,Web,Yes,Closed with explanation,No
1860,2025-06-20,Mortgage,Communication,Horizon Finance,GA,Phone,Yes,Closed with explanation,Yes
1861,2025-06-24,Checking account,Payment processing,Horizon Finance,NC,Phone,Yes,Closed with explanation,No
1862,2024-08-04,Checking account,Incorrect information,Horizon Finance,FL,Referral,Yes,Closed with explanation,No
1863,2025-09-10,Mortgage,Incorrect information,Metro Credit,GA,Web,Yes,Closed with explanation,No
1864,2024-09-28,Mortgage,Incorrect information,Horizon Finance,GA,Web,Yes,Closed with explanation,No
1865,2025-09-01,Checking account,Account access,Metro Credit,NY,Referral,Yes,Closed with explanation,No
1866,2024-10-22,Checking account,Payment processing,Horizon Finance,NJ,Web,Yes,Closed with explanation,No
1867,2024-03-22,Consumer loan,Incorrect information,Union Lending,TX,Web,Yes,Closed with explanation,No
1868,2025-07-08,Mortgage,Communication,Union Lending,NC,Web,Yes,Closed with explanation,No
1869,2024-01-23,Credit card,Unexpected fees,North Bank,NY,Web,Yes,Closed with explanation,No
1870,2025-07-17,Checking account,Account access,Capital Trust,CA,Web,Yes,Closed with explanation,No
1871,2024-02-01,Debt collection,Payment processing,North Bank,NC,Postal mail,Yes,Closed with explanation,No
1872,2024-05-30,Credit card,Account access,Metro Credit,NJ,Phone,No,In progress,Yes
1873,2025-03-16,Debt collection,Account access,Metro Credit,NJ,Web,Yes,Closed with explanation,No
1874,2025-11-18,Credit card,Unexpected fees,Metro Credit,TX,Postal mail,Yes,Closed with explanation,No
1875,2024-10-25,Mortgage,Account access,Metro Credit,NJ,Phone,Yes,Closed with explanation,No
1876,2024-03-29,Checking account,Unexpected fees,Metro Credit,GA,Web,Yes,Closed with explanation,No
1877,2024-06-19,Credit card,Unexpected fees,Horizon Finance,NC,Phone,Yes,Closed with explanation,No
1878,2025-10-16,Debt collection,Payment processing,Union Lending,FL,Web,Yes,Closed with explanation,No
1879,2025-06-14,Checking account,Communication,Capital Trust,NC,Web,Yes,Closed with explanation,No
1880,2024-03-14,Debt collection,Communication,Metro Credit,GA,Web,Yes,Closed with explanation,No
1881,2024-10-07,Checking account,Unexpected fees,Metro Credit,FL,Web,Yes,Closed with explanation,No
1882,2024-07-12,Debt collection,Unexpected fees,Union Lending,TX,Web,Yes,Closed with explanation,No
1883,2024-05-09,Debt collection,Incorrect information,North Bank,NC,Web,Yes,Closed with explanation,No
1884,2025-09-09,Mortgage,Unexpected fees,Horizon Finance,GA,Web,Yes,Closed with explanation,No
1885,2025-03-26,Credit card,Account access,Metro Credit,CA,Web,Yes,Closed with explanation,No
1886,2024-05-11,Consumer loan,Unexpected fees,Union Lending,TX,Web,Yes,Closed with explanation,No
1887,2025-04-20,Mortgage,Payment processing,North Bank,NJ,Phone,Yes,Closed with explanation,No
1888,2024-10-28,Debt collection,Incorrect information,Capital Trust,TX,Referral,No,In progress,No
1889,2024-02-14,Checking account,Account access,Metro Credit,TX,Web,Yes,Closed with explanation,No
1890,2024-11-24,Credit card,Unexpected fees,Horizon Finance,IL,Phone,Yes,Closed with explanation,Yes
1891,2024-05-15,Credit card,Account access,Horizon Finance,NJ,Web,Yes,Closed with explanation,No
1892,2024-06-28,Consumer loan,Incorrect information,Horizon Finance,FL,Web,Yes,Closed with explanation,No
1893,2025-10-03,Debt collection,Account access,Horizon Finance,GA,Web,Yes,Closed with explanation,No
1894,2025-06-02,Credit card,Payment processing,Metro Credit,GA,Web,Yes,Closed with explanation,No
1895,2024-04-07,Consumer loan,Communication,Union Lending,IL,Web,Yes,Closed with explanation,No
1896,2025-09-13,Debt collection,Unexpected fees,Horizon Finance,GA,Phone,Yes,Closed with explanation,No
1897,2025-02-23,Credit card,Account access,Metro Credit,TX,Phone,Yes,Closed with explanation,No
1898,2025-09-30,Credit card,Payment processing,Metro Credit,IL,Postal mail,Yes,Closed with explanation,No
1899,2025-06-29,Consumer loan,Account access,Horizon Finance,CA,Postal mail,Yes,Closed with explanation,No
1900,2024-09-04,Mortgage,Account access,Capital Trust,GA,Web,Yes,Closed with explanation,No
1901,2025-01-25,Credit card,Unexpected fees,Capital Trust,NJ,Web,Yes,Closed with explanation,No
1902,2025-01-22,Debt collection,Communication,Metro Credit,NJ,Web,Yes,Closed with explanation,No
1903,2025-06-09,Mortgage,Payment processing,Metro Credit,CA,Web,No,In progress,No
1904,2024-06-30,Debt collection,Communication,North Bank,NC,Referral,Yes,Closed with explanation,No
1905,2024-08-31,Debt collection,Payment processing,Horizon Finance,NY,Web,Yes,Closed with explanation,No
1906,2024-06-27,Debt collection,Unexpected fees,Metro Credit,CA,Web,Yes,Closed with explanation,No
1907,2024-08-04,Mortgage,Unexpected fees,Capital Trust,IL,Web,Yes,Closed with explanation,No
1908,2024-04-27,Credit card,Incorrect information,Horizon Finance,IL,Referral,Yes,Closed with explanation,No
1909,2024-01-27,Mortgage,Payment processing,Metro Credit,NY,Web,Yes,Closed with explanation,No
1910,2025-11-17,Credit card,Payment processing,Capital Trust,GA,Phone,Yes,Closed with explanation,No
1911,2024-02-24,Mortgage,Unexpected fees,Capital Trust,IL,Web,No,In progress,No
1912,2025-10-10,Credit card,Incorrect information,Metro Credit,TX,Web,Yes,Closed with explanation,No
1913,2024-01-03,Mortgage,Communication,North Bank,IL,Web,Yes,Closed with explanation,No
1914,2025-07-21,Credit card,Unexpected fees,Metro Credit,FL,Phone,Yes,Closed with explanation,No
1915,2024-08-27,Checking account,Account access,Metro Credit,CA,Phone,Yes,Closed with explanation,No
1916,2025-01-12,Credit card,Incorrect information,Horizon Finance,FL,Web,Yes,Closed with explanation,No
1917,2024-07-25,Mortgage,Incorrect information,Capital Trust,NC,Web,Yes,Closed with explanation,No
1918,2024-12-24,Consumer loan,Communication,Capital Trust,IL,Web,Yes,Closed with explanation,No
1919,2024-11-25,Credit card,Payment processing,Union Lending,FL,Web,Yes,Closed with explanation,No
1920,2025-01-21,Debt collection,Incorrect information,Capital Trust,FL,Web,Yes,Closed with explanation,No
1921,2024-10-14,Debt collection,Incorrect information,North Bank,NJ,Web,Yes,Closed with explanation,Yes
1922,2025-01-26,Checking account,Account access,North Bank,GA,Phone,Yes,Closed with explanation,Yes
1923,2025-08-25,Mortgage,Payment processing,Capital Trust,NJ,Phone,Yes,Closed with explanation,No
1924,2024-11-13,Checking account,Account access,Union Lending,IL,Phone,Yes,Closed with explanation,No
1925,2024-09-20,Credit card,Communication,Metro Credit,NC,Phone,Yes,Closed with explanation,No
1926,2024-04-06,Mortgage,Payment processing,Union Lending,GA,Postal mail,No,In progress,No
1927,2024-09-19,Credit card,Payment processing,North Bank,NY,Postal mail,Yes,Closed with explanation,No
1928,2024-04-01,Debt collection,Unexpected fees,Union Lending,FL,Web,Yes,Closed with explanation,No
1929,2024-05-13,Debt collection,Payment processing,Capital Trust,CA,Web,Yes,Closed with explanation,No
1930,2025-11-26,Debt collection,Communication,Horizon Finance,NJ,Web,No,In progress,No
1931,2024-03-06,Mortgage,Incorrect information,Union Lending,NC,Referral,Yes,Closed with explanation,No
1932,2024-12-17,Mortgage,Payment processing,Union Lending,GA,Web,Yes,Closed with explanation,No
1933,2025-09-01,Debt collection,Communication,Capital Trust,NY,Web,No,In progress,No
1934,2025-11-26,Credit card,Account access,Horizon Finance,TX,Web,Yes,Closed with explanation,No
1935,2024-04-17,Credit card,Payment processing,Metro Credit,GA,Web,Yes,Closed with explanation,No
1936,2024-04-29,Mortgage,Unexpected fees,Metro Credit,TX,Web,Yes,Closed with explanation,No
1937,2024-09-28,Checking account,Incorrect information,Metro Credit,IL,Phone,Yes,Closed with explanation,No
1938,2025-02-08,Checking account,Communication,North Bank,FL,Web,Yes,Closed with explanation,No
1939,2025-12-01,Credit card,Unexpected fees,Union Lending,NJ,Referral,Yes,Closed with explanation,No
1940,2024-05-31,Mortgage,Payment processing,Metro Credit,NC,Web,Yes,Closed with explanation,No
1941,2024-04-30,Credit card,Unexpected fees,Union Lending,TX,Referral,Yes,Closed with explanation,No
1942,2024-07-03,Credit card,Unexpected fees,North Bank,FL,Web,Yes,Closed with explanation,No
1943,2025-09-30,Credit card,Payment processing,Metro Credit,NC,Web,Yes,Closed with explanation,No
1944,2024-01-22,Checking account,Unexpected fees,Metro Credit,CA,Postal mail,Yes,Closed with explanation,No
1945,2024-10-04,Debt collection,Communication,North Bank,IL,Postal mail,Yes,Closed with explanation,No
1946,2024-03-27,Checking account,Incorrect information,Capital Trust,TX,Referral,Yes,Closed with explanation,No
1947,2024-04-24,Consumer loan,Incorrect information,Horizon Finance,NY,Referral,Yes,Closed with explanation,No
1948,2025-10-31,Consumer loan,Incorrect information,Capital Trust,CA,Web,Yes,Closed with explanation,No
1949,2024-01-02,Checking account,Unexpected fees,Capital Trust,TX,Web,Yes,Closed with explanation,No
1950,2024-08-22,Debt collection,Incorrect information,North Bank,NY,Web,Yes,Closed with explanation,No
1951,2025-10-30,Consumer loan,Unexpected fees,Capital Trust,CA,Referral,Yes,Closed with explanation,No
1952,2025-03-19,Mortgage,Incorrect information,North Bank,NJ,Referral,Yes,Closed with explanation,No
1953,2024-02-22,Credit card,Payment processing,Capital Trust,IL,Postal mail,Yes,Closed with explanation,No
1954,2024-12-05,Credit card,Incorrect information,Union Lending,NY,Referral,Yes,Closed with explanation,No
1955,2025-12-09,Debt collection,Communication,Capital Trust,NY,Web,Yes,Closed with explanation,No
1956,2024-10-19,Consumer loan,Communication,Horizon Finance,NJ,Web,Yes,Closed with explanation,No
1957,2025-01-20,Debt collection,Payment processing,North Bank,NJ,Web,Yes,Closed with explanation,No
1958,2025-01-23,Debt collection,Payment processing,North Bank,CA,Web,Yes,Closed with explanation,No
1959,2025-04-27,Credit card,Payment processing,North Bank,GA,Phone,Yes,Closed with explanation,No
1960,2024-05-16,Consumer loan,Communication,Capital Trust,NY,Web,Yes,Closed with explanation,No
1961,2025-09-04,Checking account,Account access,Horizon Finance,NJ,Referral,Yes,Closed with explanation,No
1962,2025-12-22,Consumer loan,Payment processing,Metro Credit,NJ,Phone,Yes,Closed with explanation,Yes
1963,2024-04-14,Credit card,Account access,North Bank,GA,Web,Yes,Closed with explanation,No
1964,2025-08-20,Checking account,Payment processing,North Bank,GA,Referral,Yes,Closed with explanation,No
1965,2025-08-19,Consumer loan,Unexpected fees,Metro Credit,TX,Web,Yes,Closed with explanation,No
1966,2025-06-25,Consumer loan,Incorrect information,Union Lending,NJ,Phone,Yes,Closed with explanation,No
1967,2024-09-27,Mortgage,Communication,Capital Trust,GA,Web,Yes,Closed with explanation,No
1968,2024-12-08,Checking account,Payment processing,Union Lending,FL,Web,Yes,Closed with explanation,No
1969,2025-09-04,Checking account,Payment processing,Capital Trust,TX,Web,Yes,Closed with explanation,No
1970,2024-04-21,Debt collection,Unexpected fees,Metro Credit,IL,Web,Yes,Closed with explanation,No
1971,2025-08-27,Checking account,Payment processing,Metro Credit,FL,Phone,Yes,Closed with explanation,No
1972,2025-11-03,Checking account,Account access,Union Lending,GA,Postal mail,Yes,Closed with explanation,Yes
1973,2025-05-12,Mortgage,Incorrect information,North Bank,NY,Referral,Yes,Closed with explanation,Yes
1974,2024-09-06,Checking account,Communication,Capital Trust,TX,Web,Yes,Closed with explanation,Yes
1975,2025-02-12,Mortgage,Communication,Union Lending,NY,Postal mail,Yes,Closed with explanation,No
1976,2024-02-06,Checking account,Communication,North Bank,NJ,Web,No,In progress,No
1977,2025-11-11,Debt collection,Account access,North Bank,NJ,Web,Yes,Closed with explanation,No
1978,2024-09-06,Debt collection,Unexpected fees,Union Lending,FL,Phone,Yes,Closed with explanation,No
1979,2024-02-11,Debt collection,Incorrect information,Union Lending,NJ,Referral,Yes,Closed with explanation,No
1980,2025-08-02,Mortgage,Payment processing,Metro Credit,CA,Postal mail,Yes,Closed with explanation,No
1981,2025-04-25,Checking account,Communication,Union Lending,NC,Referral,Yes,Closed with explanation,No
1982,2025-03-30,Consumer loan,Incorrect information,Horizon Finance,NJ,Web,Yes,Closed with explanation,No
1983,2024-02-09,Debt collection,Payment processing,Union Lending,CA,Web,Yes,Closed with explanation,No
1984,2025-07-02,Mortgage,Incorrect information,Horizon Finance,GA,Web,Yes,Closed with explanation,No
1985,2025-04-10,Consumer loan,Payment processing,Horizon Finance,NY,Web,Yes,Closed with explanation,No
1986,2025-08-02,Consumer loan,Incorrect information,Metro Credit,NC,Web,Yes,Closed with explanation,No
1987,2025-08-26,Consumer loan,Communication,North Bank,TX,Web,Yes,Closed with explanation,No
1988,2024-06-03,Consumer loan,Incorrect information,North Bank,NC,Web,Yes,Closed with explanation,No
1989,2024-06-02,Credit card,Account access,North Bank,NJ,Web,No,In progress,No
1990,2025-11-05,Mortgage,Payment processing,Capital Trust,FL,Phone,Yes,Closed with explanation,No
1991,2025-01-22,Mortgage,Communication,Horizon Finance,NY,Web,Yes,Closed with explanation,No
1992,2024-11-15,Credit card,Unexpected fees,Metro Credit,GA,Web,Yes,Closed with explanation,No
1993,2024-07-28,Debt collection,Communication,Capital Trust,TX,Phone,Yes,Closed with explanation,No
1994,2025-04-11,Mortgage,Incorrect information,Capital Trust,NC,Phone,Yes,Closed with explanation,No
1995,2025-07-04,Credit card,Account access,Metro Credit,TX,Web,Yes,Closed with explanation,Yes
1996,2024-01-02,Debt collection,Communication,Metro Credit,TX,Web,No,In progress,Yes
1997,2025-02-07,Consumer loan,Unexpected fees,Horizon Finance,IL,Postal mail,Yes,Closed with explanation,Yes
1998,2025-12-26,Consumer loan,Account access,Capital Trust,NY,Phone,Yes,Closed with explanation,No
1999,2024-07-23,Checking account,Account access,Union Lending,CA,Web,Yes,Closed with explanation,No
2000,2024-07-24,Debt collection,Unexpected fees,Horizon Finance,NC,Web,Yes,Closed with explanation,No
2001,2025-10-03,Checking account,Payment processing,Metro Credit,TX,Web,Yes,Closed with explanation,No
2002,2024-02-15,Mortgage,Account access,Metro Credit,CA,Web,Yes,Closed with explanation,No
2003,2024-10-17,Credit card,Payment processing,North Bank,IL,Web,Yes,Closed with explanation,No
2004,2024-11-30,Mortgage,Account access,Union Lending,NC,Postal mail,Yes,Closed with explanation,No
2005,2025-08-05,Consumer loan,Communication,Capital Trust,CA,Web,Yes,Closed with explanation,No
2006,2024-04-04,Mortgage,Account access,Union Lending,NY,Web,No,In progress,No
2007,2024-11-12,Mortgage,Payment processing,Metro Credit,NC,Phone,Yes,Closed with explanation,No
2008,2024-04-21,Debt collection,Payment processing,Horizon Finance,NC,Web,No,In progress,Yes
2009,2025-07-28,Consumer loan,Communication,Capital Trust,TX,Web,Yes,Closed with explanation,No
2010,2025-04-06,Checking account,Communication,Horizon Finance,IL,Web,Yes,Closed with explanation,Yes
2011,2024-12-28,Debt collection,Unexpected fees,Capital Trust,NJ,Web,Yes,Closed with explanation,No
2012,2024-10-13,Consumer loan,Unexpected fees,Horizon Finance,GA,Web,Yes,Closed with explanation,No
2013,2024-04-21,Debt collection,Unexpected fees,Horizon Finance,GA,Postal mail,Yes,Closed with explanation,No
2014,2025-11-03,Debt collection,Account access,Horizon Finance,NJ,Web,Yes,Closed with explanation,No
2015,2025-04-17,Debt collection,Account access,Metro Credit,NY,Referral,No,In progress,Yes
2016,2024-08-20,Consumer loan,Incorrect information,Horizon Finance,CA,Web,Yes,Closed with explanation,No
2017,2024-10-29,Mortgage,Communication,Metro Credit,GA,Phone,Yes,Closed with explanation,No
2018,2025-06-14,Credit card,Communication,Union Lending,GA,Web,Yes,Closed with explanation,No
2019,2025-06-09,Mortgage,Payment processing,Union Lending,NJ,Phone,Yes,Closed with explanation,No
2020,2024-12-02,Consumer loan,Unexpected fees,Metro Credit,NC,Web,Yes,Closed with explanation,No
2021,2024-08-09,Mortgage,Communication,Capital Trust,FL,Web,Yes,Closed with explanation,No
2022,2025-04-26,Debt collection,Unexpected fees,Horizon Finance,NC,Web,Yes,Closed with explanation,No
2023,2025-04-25,Credit card,Unexpected fees,Capital Trust,CA,Web,No,In progress,Yes
2024,2025-03-13,Checking account,Communication,Union Lending,NC,Phone,Yes,Closed with explanation,No
2025,2024-02-23,Mortgage,Communication,Capital Trust,TX,Web,Yes,Closed with explanation,Yes
2026,2024-12-11,Checking account,Account access,Capital Trust,GA,Web,Yes,Closed with explanation,No
2027,2025-03-24,Credit card,Incorrect information,Metro Credit,GA,Referral,Yes,Closed with explanation,No
2028,2025-11-24,Credit card,Incorrect information,Metro Credit,GA,Web,No,In progress,Yes
2029,2025-01-18,Debt collection,Communication,Capital Trust,NC,Web,Yes,Closed with explanation,No
2030,2024-09-07,Checking account,Unexpected fees,Metro Credit,IL,Referral,Yes,Closed with explanation,No
2031,2025-02-09,Credit card,Payment processing,Union Lending,TX,Phone,Yes,Closed with explanation,No
2032,2024-05-09,Credit card,Unexpected fees,North Bank,IL,Web,Yes,Closed with explanation,No
2033,2024-03-07,Checking account,Account access,Capital Trust,FL,Web,Yes,Closed with explanation,No
2034,2025-05-10,Credit card,Communication,Union Lending,IL,Web,No,In progress,No
2035,2025-12-20,Consumer loan,Account access,Horizon Finance,NY,Web,Yes,Closed with explanation,No
2036,2025-09-09,Consumer loan,Account access,Horizon Finance,CA,Phone,Yes,Closed with explanation,No
2037,2025-03-02,Credit card,Account access,Union Lending,GA,Postal mail,Yes,Closed with explanation,No
2038,2024-01-30,Mortgage,Unexpected fees,Metro Credit,CA,Web,Yes,Closed with explanation,No
2039,2025-12-22,Credit card,Account access,Metro Credit,FL,Web,Yes,Closed with explanation,No
2040,2024-11-24,Checking account,Account access,Metro Credit,IL,Phone,Yes,Closed with explanation,Yes
2041,2024-07-30,Debt collection,Incorrect information,North Bank,NC,Web,Yes,Closed with explanation,No
2042,2025-10-13,Mortgage,Account access,Capital Trust,FL,Phone,Yes,Closed with explanation,No
2043,2025-06-28,Debt collection,Payment processing,Union Lending,FL,Web,Yes,Closed with explanation,No
2044,2025-07-01,Credit card,Incorrect information,Horizon Finance,FL,Web,Yes,Closed with explanation,No
2045,2024-07-21,Checking account,Communication,Capital Trust,IL,Phone,Yes,Closed with explanation,No
2046,2025-12-25,Checking account,Communication,Union Lending,TX,Postal mail,Yes,Closed with explanation,No
2047,2024-11-26,Checking account,Payment processing,Horizon Finance,IL,Web,No,In progress,No
2048,2025-01-22,Debt collection,Incorrect information,North Bank,NJ,Referral,Yes,Closed with explanation,No
2049,2025-07-02,Credit card,Account access,Horizon Finance,CA,Web,Yes,Closed with explanation,No
2050,2025-04-26,Debt collection,Communication,North Bank,NC,Web,Yes,Closed with explanation,No
2051,2024-05-05,Debt collection,Incorrect information,Union Lending,IL,Web,Yes,Closed with explanation,No
2052,2024-08-08,Mortgage,Payment processing,North Bank,GA,Web,Yes,Closed with explanation,No
2053,2024-09-20,Checking account,Communication,Horizon Finance,IL,Phone,Yes,Closed with explanation,No
2054,2025-11-22,Mortgage,Incorrect information,Metro Credit,NC,Web,No,In progress,Yes
2055,2025-06-05,Checking account,Unexpected fees,North Bank,GA,Web,Yes,Closed with explanation,No
2056,2024-09-24,Consumer loan,Payment processing,Horizon Finance,NC,Web,Yes,Closed with explanation,Yes
2057,2025-06-20,Mortgage,Communication,Metro Credit,FL,Referral,Yes,Closed with explanation,No
2058,2025-06-23,Debt collection,Payment processing,Metro Credit,TX,Referral,No,In progress,No
2059,2024-10-14,Mortgage,Account access,Capital Trust,GA,Web,Yes,Closed with explanation,No
2060,2024-10-21,Mortgage,Payment processing,Metro Credit,TX,Web,Yes,Closed with explanation,No
2061,2025-10-14,Consumer loan,Account access,Horizon Finance,CA,Postal mail,Yes,Closed with explanation,No
2062,2025-02-14,Mortgage,Account access,North Bank,TX,Web,Yes,Closed with explanation,No
2063,2024-04-19,Debt collection,Payment processing,Metro Credit,FL,Phone,No,In progress,Yes
2064,2025-06-09,Credit card,Incorrect information,Metro Credit,CA,Web,Yes,Closed with explanation,No
2065,2025-03-06,Debt collection,Unexpected fees,Union Lending,GA,Referral,Yes,Closed with explanation,No
2066,2025-01-06,Debt collection,Incorrect information,North Bank,IL,Web,Yes,Closed with explanation,No
2067,2025-06-13,Debt collection,Payment processing,Capital Trust,TX,Web,Yes,Closed with explanation,No
2068,2025-10-24,Checking account,Payment processing,North Bank,FL,Web,Yes,Closed with explanation,No
2069,2024-08-29,Debt collection,Incorrect information,Union Lending,NC,Web,Yes,Closed with explanation,Yes
2070,2024-11-02,Checking account,Incorrect information,North Bank,NC,Web,Yes,Closed with explanation,No
2071,2024-05-18,Consumer loan,Unexpected fees,Capital Trust,CA,Postal mail,Yes,Closed with explanation,No
2072,2025-04-17,Credit card,Unexpected fees,Union Lending,IL,Web,Yes,Closed with explanation,No
2073,2024-10-20,Checking account,Account access,Capital Trust,FL,Web,Yes,Closed with explanation,No
2074,2024-09-06,Checking account,Account access,Capital Trust,FL,Web,Yes,Closed with explanation,No
2075,2025-05-23,Checking account,Unexpected fees,Capital Trust,IL,Web,Yes,Closed with explanation,Yes
2076,2024-10-24,Checking account,Incorrect information,Union Lending,NC,Web,Yes,Closed with explanation,No
2077,2024-12-04,Debt collection,Payment processing,Capital Trust,IL,Web,Yes,Closed with explanation,No
2078,2024-11-17,Credit card,Payment processing,North Bank,NC,Phone,Yes,Closed with explanation,No
2079,2024-07-07,Consumer loan,Payment processing,Union Lending,NJ,Referral,Yes,Closed with explanation,No
2080,2024-04-01,Credit card,Communication,Capital Trust,NJ,Web,Yes,Closed with explanation,Yes
2081,2025-08-26,Consumer loan,Communication,Metro Credit,NJ,Phone,Yes,Closed with explanation,No
2082,2024-03-07,Consumer loan,Communication,Capital Trust,NJ,Web,Yes,Closed with explanation,Yes
2083,2024-08-25,Checking account,Payment processing,Horizon Finance,FL,Web,Yes,Closed with explanation,No
2084,2025-05-02,Consumer loan,Incorrect information,Horizon Finance,NC,Postal mail,Yes,Closed with explanation,No
2085,2024-04-05,Debt collection,Unexpected fees,Metro Credit,NC,Referral,Yes,Closed with explanation,No
2086,2025-04-23,Debt collection,Account access,North Bank,IL,Web,Yes,Closed with explanation,No
2087,2025-06-19,Checking account,Payment processing,Capital Trust,GA,Web,No,In progress,Yes
2088,2025-04-28,Checking account,Communication,Union Lending,NC,Web,Yes,Closed with explanation,No
2089,2024-08-10,Consumer loan,Payment processing,Horizon Finance,TX,Web,Yes,Closed with explanation,No
2090,2024-01-15,Checking account,Unexpected fees,Capital Trust,CA,Phone,Yes,Closed with explanation,No
2091,2025-10-09,Debt collection,Payment processing,North Bank,NC,Web,Yes,Closed with explanation,No
2092,2024-08-26,Checking account,Payment processing,Union Lending,IL,Referral,Yes,Closed with explanation,Yes
2093,2025-08-10,Debt collection,Payment processing,Horizon Finance,GA,Phone,Yes,Closed with explanation,No
2094,2024-05-24,Credit card,Account access,Union Lending,IL,Web,Yes,Closed with explanation,No
2095,2024-04-28,Credit card,Payment processing,North Bank,IL,Referral,Yes,Closed with explanation,No
2096,2025-07-22,Debt collection,Unexpected fees,Union Lending,CA,Phone,Yes,Closed with explanation,No
2097,2025-11-17,Debt collection,Unexpected fees,Union Lending,FL,Web,Yes,Closed with explanation,No
2098,2025-09-20,Debt collection,Unexpected fees,Capital Trust,CA,Web,Yes,Closed with explanation,No
2099,2025-07-02,Debt collection,Unexpected fees,Metro Credit,NY,Referral,No,In progress,No
2100,2024-06-29,Checking account,Payment processing,North Bank,CA,Postal mail,Yes,Closed with explanation,No
2101,2025-10-28,Checking account,Unexpected fees,North Bank,NJ,Web,No,In progress,No
2102,2025-05-02,Credit card,Incorrect information,North Bank,FL,Web,Yes,Closed with explanation,No
2103,2024-05-05,Mortgage,Incorrect information,Metro Credit,GA,Referral,Yes,Closed with explanation,No
2104,2024-04-04,Credit card,Communication,Capital Trust,CA,Postal mail,Yes,Closed with explanation,No
2105,2025-09-27,Debt collection,Account access,North Bank,CA,Web,Yes,Closed with explanation,No
2106,2024-07-19,Credit card,Account access,North Bank,NY,Web,Yes,Closed with explanation,No
2107,2025-07-13,Credit card,Communication,North Bank,NJ,Referral,Yes,Closed with explanation,No
2108,2024-04-11,Credit card,Incorrect information,Metro Credit,NJ,Web,Yes,Closed with explanation,No
2109,2024-07-23,Credit card,Communication,Union Lending,IL,Web,Yes,Closed with explanation,No
2110,2024-07-25,Credit card,Payment processing,Metro Credit,IL,Web,No,In progress,No
2111,2024-07-24,Mortgage,Payment processing,Horizon Finance,GA,Web,Yes,Closed with explanation,No
2112,2025-05-07,Checking account,Account access,Metro Credit,GA,Phone,Yes,Closed with explanation,No
2113,2025-10-29,Mortgage,Payment processing,Capital Trust,GA,Web,Yes,Closed with explanation,No
2114,2025-10-26,Debt collection,Unexpected fees,North Bank,CA,Phone,No,In progress,Yes
2115,2025-06-25,Mortgage,Unexpected fees,Metro Credit,NY,Web,Yes,Closed with explanation,Yes
2116,2024-05-27,Consumer loan,Communication,Horizon Finance,NJ,Referral,Yes,Closed with explanation,No
2117,2025-12-02,Checking account,Unexpected fees,Capital Trust,NY,Web,Yes,Closed with explanation,Yes
2118,2025-01-30,Credit card,Payment processing,Horizon Finance,TX,Web,Yes,Closed with explanation,Yes
2119,2025-02-02,Checking account,Communication,North Bank,GA,Postal mail,Yes,Closed with explanation,No
2120,2025-05-27,Debt collection,Account access,Horizon Finance,FL,Phone,Yes,Closed with explanation,No
2121,2025-07-15,Mortgage,Unexpected fees,Metro Credit,IL,Web,Yes,Closed with explanation,No
2122,2025-11-26,Checking account,Communication,Metro Credit,IL,Web,Yes,Closed with explanation,No
2123,2025-03-01,Checking account,Communication,Capital Trust,GA,Web,No,In progress,No
2124,2025-03-21,Debt collection,Account access,Capital Trust,NC,Postal mail,Yes,Closed with explanation,No
2125,2025-06-28,Mortgage,Incorrect information,Metro Credit,GA,Web,No,In progress,No
2126,2024-07-05,Mortgage,Account access,Horizon Finance,NC,Postal mail,Yes,Closed with explanation,No
2127,2024-08-12,Debt collection,Account access,Horizon Finance,CA,Web,Yes,Closed with explanation,No
2128,2025-04-01,Consumer loan,Incorrect information,Capital Trust,NJ,Phone,Yes,Closed with explanation,No
2129,2024-02-16,Mortgage,Account access,Capital Trust,NY,Web,Yes,Closed with explanation,No
2130,2024-08-21,Credit card,Incorrect information,Metro Credit,GA,Web,Yes,Closed with explanation,No
2131,2025-06-08,Credit card,Payment processing,North Bank,CA,Postal mail,Yes,Closed with explanation,No
2132,2025-12-13,Debt collection,Account access,North Bank,IL,Web,No,In progress,No
2133,2025-01-14,Mortgage,Payment processing,North Bank,CA,Postal mail,Yes,Closed with explanation,No
2134,2024-10-18,Checking account,Account access,Union Lending,GA,Web,Yes,Closed with explanation,No
2135,2024-11-17,Mortgage,Payment processing,Union Lending,TX,Web,Yes,Closed with explanation,No
2136,2025-05-15,Credit card,Payment processing,Capital Trust,TX,Referral,Yes,Closed with explanation,Yes
2137,2025-02-01,Debt collection,Incorrect information,North Bank,CA,Web,No,In progress,No
2138,2024-01-17,Credit card,Account access,North Bank,FL,Web,Yes,Closed with explanation,No
2139,2025-01-28,Debt collection,Payment processing,North Bank,NC,Web,Yes,Closed with explanation,No
2140,2024-10-19,Mortgage,Account access,Union Lending,NC,Web,Yes,Closed with explanation,No
2141,2025-05-26,Checking account,Unexpected fees,North Bank,CA,Referral,No,In progress,No
2142,2025-09-30,Credit card,Communication,Union Lending,NC,Web,Yes,Closed with explanation,No
2143,2025-12-03,Debt collection,Incorrect information,Capital Trust,IL,Web,Yes,Closed with explanation,No
2144,2025-03-21,Credit card,Communication,North Bank,FL,Web,Yes,Closed with explanation,No
2145,2024-09-21,Credit card,Payment processing,Union Lending,NC,Phone,Yes,Closed with explanation,No
2146,2024-11-20,Consumer loan,Unexpected fees,Horizon Finance,TX,Postal mail,Yes,Closed with explanation,No
2147,2024-05-08,Checking account,Incorrect information,Capital Trust,TX,Referral,No,In progress,No
2148,2025-11-14,Checking account,Communication,Metro Credit,TX,Web,No,In progress,No
2149,2025-09-10,Credit card,Account access,Metro Credit,TX,Web,Yes,Closed with explanation,No
2150,2025-09-15,Debt collection,Communication,North Bank,NY,Web,Yes,Closed with explanation,No
2151,2024-08-27,Checking account,Communication,Union Lending,TX,Referral,Yes,Closed with explanation,No
2152,2024-08-23,Credit card,Incorrect information,Capital Trust,TX,Web,Yes,Closed with explanation,No
2153,2025-09-17,Checking account,Payment processing,North Bank,FL,Web,Yes,Closed with explanation,No
2154,2025-02-01,Credit card,Unexpected fees,Horizon Finance,GA,Web,Yes,Closed with explanation,No
2155,2025-05-29,Checking account,Communication,Union Lending,NJ,Postal mail,Yes,Closed with explanation,No
2156,2024-12-23,Credit card,Unexpected fees,Union Lending,CA,Web,Yes,Closed with explanation,No
2157,2024-11-19,Credit card,Incorrect information,Capital Trust,GA,Web,Yes,Closed with explanation,No
2158,2025-04-06,Checking account,Payment processing,Union Lending,CA,Referral,Yes,Closed with explanation,Yes
2159,2025-08-16,Debt collection,Account access,Capital Trust,NC,Postal mail,Yes,Closed with explanation,No
2160,2024-08-31,Credit card,Account access,Capital Trust,FL,Web,Yes,Closed with explanation,No
2161,2025-08-13,Credit card,Unexpected fees,Capital Trust,NJ,Phone,Yes,Closed with explanation,No
2162,2024-06-27,Debt collection,Account access,Horizon Finance,NJ,Web,Yes,Closed with explanation,No
2163,2024-10-21,Debt collection,Communication,Horizon Finance,FL,Web,No,In progress,Yes
2164,2025-10-28,Consumer loan,Payment processing,Horizon Finance,FL,Web,Yes,Closed with explanation,No
2165,2025-11-27,Credit card,Communication,Capital Trust,FL,Phone,Yes,Closed with explanation,Yes
2166,2025-11-05,Checking account,Unexpected fees,Metro Credit,NY,Phone,Yes,Closed with explanation,No
2167,2024-08-18,Credit card,Communication,Union Lending,NY,Web,Yes,Closed with explanation,No
2168,2025-09-07,Credit card,Unexpected fees,Union Lending,GA,Web,Yes,Closed with explanation,No
2169,2025-11-14,Checking account,Communication,North Bank,NY,Phone,Yes,Closed with explanation,No
2170,2025-12-15,Mortgage,Communication,Horizon Finance,NJ,Web,Yes,Closed with explanation,No
2171,2024-01-16,Checking account,Incorrect information,North Bank,NY,Phone,Yes,Closed with explanation,No
2172,2025-06-27,Mortgage,Communication,Union Lending,FL,Phone,Yes,Closed with explanation,No
2173,2025-12-28,Checking account,Payment processing,Horizon Finance,FL,Web,Yes,Closed with explanation,No
2174,2025-07-12,Checking account,Payment processing,Metro Credit,GA,Web,Yes,Closed with explanation,No
2175,2024-06-19,Consumer loan,Account access,North Bank,TX,Web,Yes,Closed with explanation,No
2176,2025-07-10,Debt collection,Unexpected fees,North Bank,FL,Web,No,In progress,Yes
2177,2024-03-17,Checking account,Communication,Union Lending,FL,Web,Yes,Closed with explanation,No
2178,2024-12-16,Mortgage,Incorrect information,Capital Trust,GA,Phone,Yes,Closed with explanation,No
2179,2025-04-02,Checking account,Communication,Metro Credit,TX,Referral,No,In progress,No
2180,2024-11-29,Credit card,Unexpected fees,Capital Trust,NY,Web,Yes,Closed with explanation,No
2181,2025-05-25,Consumer loan,Payment processing,Horizon Finance,GA,Phone,Yes,Closed with explanation,No
2182,2024-06-24,Credit card,Account access,Metro Credit,NC,Web,Yes,Closed with explanation,Yes
2183,2025-03-18,Checking account,Unexpected fees,Horizon Finance,NY,Referral,Yes,Closed with explanation,No
2184,2025-04-15,Checking account,Unexpected fees,Union Lending,NC,Web,Yes,Closed with explanation,No
2185,2025-04-07,Credit card,Unexpected fees,Capital Trust,IL,Web,Yes,Closed with explanation,No
2186,2024-07-30,Credit card,Communication,Horizon Finance,NJ,Web,Yes,Closed with explanation,Yes
2187,2024-08-10,Checking account,Payment processing,Metro Credit,TX,Web,Yes,Closed with explanation,No
2188,2024-07-07,Debt collection,Payment processing,Union Lending,NC,Postal mail,Yes,Closed with explanation,No
2189,2024-12-03,Mortgage,Payment processing,Horizon Finance,FL,Web,Yes,Closed with explanation,Yes
2190,2025-03-03,Checking account,Account access,Metro Credit,TX,Web,Yes,Closed with explanation,No
2191,2024-09-21,Credit card,Communication,Horizon Finance,CA,Web,Yes,Closed with explanation,No
2192,2024-10-26,Mortgage,Unexpected fees,Horizon Finance,GA,Web,No,In progress,Yes
2193,2024-07-28,Credit card,Communication,North Bank,GA,Web,Yes,Closed with explanation,No
2194,2024-06-08,Mortgage,Unexpected fees,North Bank,TX,Web,Yes,Closed with explanation,Yes
2195,2025-04-24,Consumer loan,Unexpected fees,Union Lending,NC,Web,Yes,Closed with explanation,No
2196,2025-08-18,Checking account,Account access,North Bank,FL,Referral,Yes,Closed with explanation,No
2197,2024-07-31,Checking account,Payment processing,Horizon Finance,IL,Web,Yes,Closed with explanation,No
2198,2025-09-20,Credit card,Payment processing,Union Lending,IL,Web,Yes,Closed with explanation,No
2199,2025-02-20,Credit card,Payment processing,Metro Credit,IL,Web,Yes,Closed with explanation,No
2200,2024-05-02,Checking account,Incorrect information,Metro Credit,GA,Referral,Yes,Closed with explanation,No
2201,2024-09-24,Debt collection,Incorrect information,Capital Trust,NC,Referral,Yes,Closed with explanation,Yes
2202,2024-01-06,Credit card,Communication,North Bank,GA,Web,Yes,Closed with explanation,No
2203,2024-01-29,Mortgage,Communication,Union Lending,NC,Web,Yes,Closed with explanation,No
2204,2024-09-02,Consumer loan,Incorrect information,North Bank,NJ,Web,Yes,Closed with explanation,No
2205,2024-11-27,Credit card,Communication,Capital Trust,FL,Web,Yes,Closed with explanation,No
2206,2025-08-05,Credit card,Unexpected fees,Horizon Finance,IL,Referral,Yes,Closed with explanation,No
2207,2024-04-08,Checking account,Communication,North Bank,TX,Referral,Yes,Closed with explanation,No
2208,2025-09-04,Consumer loan,Communication,Union Lending,NC,Web,Yes,Closed with explanation,No
2209,2024-06-20,Checking account,Payment processing,North Bank,NC,Referral,Yes,Closed with explanation,No
2210,2024-04-10,Consumer loan,Incorrect information,Metro Credit,NC,Phone,Yes,Closed with explanation,No
2211,2025-05-25,Debt collection,Payment processing,Horizon Finance,GA,Phone,No,In progress,No
2212,2025-07-19,Consumer loan,Incorrect information,Union Lending,NJ,Phone,Yes,Closed with explanation,No
2213,2025-03-17,Debt collection,Unexpected fees,Horizon Finance,NJ,Web,Yes,Closed with explanation,No
2214,2024-03-25,Consumer loan,Payment processing,Capital Trust,TX,Postal mail,Yes,Closed with explanation,No
2215,2024-03-25,Debt collection,Incorrect information,Horizon Finance,FL,Web,Yes,Closed with explanation,Yes
2216,2024-10-11,Debt collection,Unexpected fees,Metro Credit,IL,Web,Yes,Closed with explanation,No
2217,2024-11-24,Consumer loan,Payment processing,Metro Credit,NY,Web,Yes,Closed with explanation,No
2218,2025-12-29,Debt collection,Incorrect information,Capital Trust,GA,Referral,Yes,Closed with explanation,Yes
2219,2024-07-28,Debt collection,Unexpected fees,Union Lending,GA,Web,Yes,Closed with explanation,No
2220,2024-05-20,Checking account,Incorrect information,North Bank,NC,Web,Yes,Closed with explanation,Yes
2221,2025-11-21,Mortgage,Payment processing,Union Lending,NJ,Phone,Yes,Closed with explanation,No
2222,2024-04-22,Mortgage,Incorrect information,Horizon Finance,CA,Web,Yes,Closed with explanation,No
2223,2024-01-20,Debt collection,Unexpected fees,Metro Credit,FL,Web,Yes,Closed with explanation,No
2224,2024-11-04,Checking account,Account access,North Bank,FL,Web,Yes,Closed with explanation,No
2225,2024-10-19,Debt collection,Unexpected fees,Capital Trust,GA,Phone,Yes,Closed with explanation,No
2226,2025-03-28,Consumer loan,Unexpected fees,North Bank,FL,Web,Yes,Closed with explanation,No
2227,2025-10-02,Debt collection,Communication,Capital Trust,NC,Web,No,In progress,Yes
2228,2025-11-12,Credit card,Payment processing,North Bank,FL,Web,Yes,Closed with explanation,No
2229,2024-07-30,Consumer loan,Incorrect information,Horizon Finance,NY,Postal mail,Yes,Closed with explanation,No
2230,2025-12-16,Consumer loan,Communication,North Bank,NJ,Phone,Yes,Closed with explanation,No
2231,2025-04-06,Debt collection,Account access,Horizon Finance,FL,Web,Yes,Closed with explanation,No
2232,2024-02-20,Debt collection,Incorrect information,Capital Trust,CA,Referral,Yes,Closed with explanation,No
2233,2025-11-16,Mortgage,Communication,Horizon Finance,FL,Referral,Yes,Closed with explanation,No
2234,2024-04-10,Mortgage,Unexpected fees,Horizon Finance,FL,Phone,Yes,Closed with explanation,No
2235,2025-03-05,Credit card,Unexpected fees,North Bank,IL,Web,Yes,Closed with explanation,Yes
2236,2025-07-31,Debt collection,Incorrect information,Capital Trust,GA,Web,Yes,Closed with explanation,No
2237,2024-07-01,Credit card,Communication,Metro Credit,IL,Phone,No,In progress,Yes
2238,2024-07-16,Consumer loan,Unexpected fees,Horizon Finance,NY,Web,Yes,Closed with explanation,No
2239,2024-12-13,Consumer loan,Account access,Capital Trust,IL,Web,Yes,Closed with explanation,No
2240,2025-10-07,Checking account,Unexpected fees,Union Lending,TX,Web,Yes,Closed with explanation,No
2241,2024-06-12,Credit card,Communication,Union Lending,TX,Web,Yes,Closed with explanation,No
2242,2025-04-29,Credit card,Payment processing,North Bank,IL,Web,Yes,Closed with explanation,No
2243,2024-11-26,Debt collection,Account access,Horizon Finance,NJ,Web,No,In progress,No
2244,2024-03-22,Mortgage,Unexpected fees,Horizon Finance,IL,Web,No,In progress,No
2245,2025-06-02,Credit card,Payment processing,North Bank,CA,Phone,Yes,Closed with explanation,No
2246,2025-08-30,Consumer loan,Account access,Metro Credit,NC,Web,Yes,Closed with explanation,No
2247,2025-02-24,Credit card,Communication,Capital Trust,FL,Web,Yes,Closed with explanation,No
2248,2024-05-08,Debt collection,Payment processing,Capital Trust,GA,Web,Yes,Closed with explanation,No
2249,2024-04-23,Checking account,Incorrect information,Capital Trust,NC,Web,Yes,Closed with explanation,No
2250,2024-11-05,Credit card,Communication,Capital Trust,NC,Phone,Yes,Closed with explanation,No
2251,2025-01-04,Credit card,Incorrect information,Capital Trust,CA,Web,No,In progress,No
2252,2025-02-07,Mortgage,Unexpected fees,North Bank,TX,Referral,Yes,Closed with explanation,No
2253,2024-06-26,Checking account,Account access,Capital Trust,GA,Postal mail,Yes,Closed with explanation,No
2254,2024-12-31,Consumer loan,Unexpected fees,Union Lending,NJ,Web,Yes,Closed with explanation,Yes
2255,2024-08-03,Checking account,Communication,Capital Trust,NJ,Phone,Yes,Closed with explanation,No
2256,2025-05-15,Checking account,Communication,Union Lending,IL,Web,Yes,Closed with explanation,No
2257,2025-08-04,Credit card,Incorrect information,North Bank,TX,Web,Yes,Closed with explanation,No
2258,2025-04-21,Checking account,Unexpected fees,Horizon Finance,GA,Web,Yes,Closed with explanation,No
2259,2024-01-01,Debt collection,Unexpected fees,Union Lending,GA,Web,Yes,Closed with explanation,Yes
2260,2025-12-25,Credit card,Payment processing,North Bank,NY,Phone,Yes,Closed with explanation,No
2261,2024-01-18,Debt collection,Account access,Horizon Finance,GA,Web,No,In progress,No
2262,2025-12-30,Checking account,Payment processing,Union Lending,TX,Web,Yes,Closed with explanation,Yes
2263,2024-01-24,Credit card,Incorrect information,Horizon Finance,NJ,Web,Yes,Closed with explanation,No
2264,2025-01-12,Credit card,Account access,Union Lending,CA,Web,Yes,Closed with explanation,No
2265,2024-03-18,Credit card,Unexpected fees,North Bank,NJ,Phone,Yes,Closed with explanation,No
2266,2024-03-10,Consumer loan,Unexpected fees,Metro Credit,NJ,Web,Yes,Closed with explanation,No
2267,2025-05-13,Mortgage,Payment processing,Capital Trust,GA,Web,Yes,Closed with explanation,No
2268,2025-06-15,Checking account,Incorrect information,Horizon Finance,NJ,Web,Yes,Closed with explanation,No
2269,2024-03-27,Mortgage,Incorrect information,North Bank,NC,Phone,Yes,Closed with explanation,No
2270,2025-12-13,Mortgage,Account access,North Bank,TX,Phone,Yes,Closed with explanation,Yes
2271,2024-08-21,Debt collection,Payment processing,Horizon Finance,IL,Web,Yes,Closed with explanation,No
2272,2024-08-20,Debt collection,Account access,Capital Trust,GA,Web,Yes,Closed with explanation,No
2273,2024-08-04,Consumer loan,Incorrect information,North Bank,NC,Web,Yes,Closed with explanation,No
2274,2024-12-02,Debt collection,Payment processing,North Bank,GA,Web,Yes,Closed with explanation,No
2275,2024-05-09,Consumer loan,Unexpected fees,Metro Credit,IL,Web,Yes,Closed with explanation,No
2276,2024-11-06,Mortgage,Payment processing,Metro Credit,IL,Web,Yes,Closed with explanation,No
2277,2024-06-02,Consumer loan,Unexpected fees,North Bank,TX,Postal mail,Yes,Closed with explanation,No
2278,2024-02-07,Credit card,Communication,Metro Credit,FL,Web,Yes,Closed with explanation,No
2279,2024-09-26,Consumer loan,Unexpected fees,Union Lending,NY,Web,Yes,Closed with explanation,No
2280,2025-05-05,Debt collection,Communication,Capital Trust,NC,Web,Yes,Closed with explanation,No
2281,2025-07-11,Credit card,Unexpected fees,Metro Credit,NJ,Web,Yes,Closed with explanation,No
2282,2024-09-14,Debt collection,Payment processing,Union Lending,GA,Postal mail,Yes,Closed with explanation,No
2283,2024-08-24,Debt collection,Account access,Capital Trust,CA,Postal mail,Yes,Closed with explanation,No
2284,2025-07-28,Credit card,Incorrect information,North Bank,GA,Web,No,In progress,Yes
2285,2025-05-12,Mortgage,Incorrect information,Capital Trust,NY,Referral,Yes,Closed with explanation,No
2286,2025-08-30,Debt collection,Account access,North Bank,GA,Web,Yes,Closed with explanation,No
2287,2025-10-23,Debt collection,Incorrect information,Union Lending,NY,Web,Yes,Closed with explanation,No
2288,2025-08-22,Credit card,Payment processing,Union Lending,GA,Phone,Yes,Closed with explanation,No
2289,2025-11-14,Checking account,Incorrect information,Capital Trust,TX,Web,Yes,Closed with explanation,No
2290,2024-10-31,Consumer loan,Account access,Horizon Finance,TX,Web,Yes,Closed with explanation,No
2291,2024-10-15,Credit card,Unexpected fees,Union Lending,TX,Web,Yes,Closed with explanation,No
2292,2024-08-22,Checking account,Incorrect information,North Bank,NC,Web,Yes,Closed with explanation,No
2293,2024-06-20,Credit card,Unexpected fees,Horizon Finance,CA,Postal mail,Yes,Closed with explanation,Yes
2294,2025-06-30,Credit card,Account access,Capital Trust,FL,Web,Yes,Closed with explanation,Yes
2295,2025-06-05,Mortgage,Unexpected fees,North Bank,FL,Web,Yes,Closed with explanation,No
2296,2025-08-08,Mortgage,Unexpected fees,North Bank,NJ,Postal mail,Yes,Closed with explanation,No
2297,2024-05-02,Mortgage,Unexpected fees,Union Lending,FL,Web,Yes,Closed with explanation,Yes
2298,2024-12-24,Consumer loan,Unexpected fees,Horizon Finance,NC,Web,Yes,Closed with explanation,No
2299,2024-06-11,Checking account,Account access,Horizon Finance,NC,Web,Yes,Closed with explanation,Yes
2300,2025-10-13,Checking account,Communication,Metro Credit,GA,Web,Yes,Closed with explanation,No
2301,2024-07-14,Credit card,Account access,North Bank,FL,Web,Yes,Closed with explanation,Yes
2302,2024-04-15,Credit card,Account access,Union Lending,IL,Web,Yes,Closed with explanation,No
2303,2025-02-20,Checking account,Payment processing,Metro Credit,GA,Web,Yes,Closed with explanation,No
2304,2025-10-03,Credit card,Account access,Union Lending,CA,Web,Yes,Closed with explanation,No
2305,2025-10-30,Credit card,Communication,Horizon Finance,NJ,Referral,Yes,Closed with explanation,No
2306,2024-03-11,Credit card,Account access,Metro Credit,NY,Referral,Yes,Closed with explanation,No
2307,2024-08-25,Mortgage,Unexpected fees,Metro Credit,NJ,Web,Yes,Closed with explanation,No
2308,2024-04-22,Mortgage,Account access,Union Lending,IL,Postal mail,Yes,Closed with explanation,Yes
2309,2024-08-12,Debt collection,Payment processing,Metro Credit,NJ,Referral,Yes,Closed with explanation,No
2310,2025-01-24,Consumer loan,Unexpected fees,Capital Trust,CA,Referral,Yes,Closed with explanation,No
2311,2024-07-23,Mortgage,Unexpected fees,Horizon Finance,CA,Phone,Yes,Closed with explanation,No
2312,2024-02-19,Credit card,Account access,Capital Trust,CA,Web,Yes,Closed with explanation,No
2313,2025-01-07,Mortgage,Communication,Horizon Finance,NJ,Web,Yes,Closed with explanation,No
2314,2024-02-08,Credit card,Unexpected fees,Horizon Finance,NC,Referral,Yes,Closed with explanation,Yes
2315,2024-06-14,Checking account,Account access,Horizon Finance,NC,Web,Yes,Closed with explanation,No
2316,2024-01-01,Checking account,Payment processing,Horizon Finance,FL,Referral,Yes,Closed with explanation,No
2317,2024-03-04,Checking account,Payment processing,Horizon Finance,FL,Phone,Yes,Closed with explanation,Yes
2318,2024-11-14,Checking account,Incorrect information,Capital Trust,FL,Web,Yes,Closed with explanation,Yes
2319,2025-09-13,Consumer loan,Unexpected fees,Union Lending,NJ,Web,Yes,Closed with explanation,No
2320,2025-07-19,Debt collection,Communication,North Bank,FL,Postal mail,Yes,Closed with explanation,No
2321,2024-03-13,Consumer loan,Communication,North Bank,IL,Web,Yes,Closed with explanation,No
2322,2024-01-26,Mortgage,Payment processing,North Bank,GA,Phone,Yes,Closed with explanation,No
2323,2024-09-03,Mortgage,Incorrect information,Union Lending,FL,Postal mail,Yes,Closed with explanation,No
2324,2025-04-21,Credit card,Account access,Metro Credit,NY,Web,No,In progress,No
2325,2025-06-29,Consumer loan,Incorrect information,Metro Credit,GA,Web,Yes,Closed with explanation,No
2326,2025-08-23,Mortgage,Unexpected fees,Capital Trust,NJ,Web,Yes,Closed with explanation,Yes
2327,2024-09-06,Checking account,Communication,North Bank,TX,Referral,No,In progress,No
2328,2024-05-02,Checking account,Unexpected fees,North Bank,IL,Web,Yes,Closed with explanation,No
2329,2024-01-20,Debt collection,Incorrect information,North Bank,TX,Web,Yes,Closed with explanation,No
2330,2024-04-17,Mortgage,Payment processing,Metro Credit,CA,Web,Yes,Closed with explanation,No
2331,2024-02-17,Checking account,Payment processing,North Bank,GA,Web,Yes,Closed with explanation,No
2332,2025-09-20,Mortgage,Payment processing,Union Lending,NY,Web,Yes,Closed with explanation,No
2333,2024-07-14,Checking account,Communication,Union Lending,FL,Web,Yes,Closed with explanation,No
2334,2025-08-23,Checking account,Payment processing,North Bank,CA,Referral,Yes,Closed with explanation,No
2335,2025-02-07,Checking account,Payment processing,Horizon Finance,NC,Web,Yes,Closed with explanation,No
2336,2025-01-28,Checking account,Communication,Metro Credit,NJ,Referral,Yes,Closed with explanation,Yes
2337,2024-11-27,Consumer loan,Unexpected fees,North Bank,NC,Referral,No,In progress,Yes
2338,2025-08-21,Credit card,Account access,Horizon Finance,CA,Web,Yes,Closed with explanation,No
2339,2024-02-01,Consumer loan,Account access,Union Lending,CA,Web,Yes,Closed with explanation,No
2340,2024-03-08,Checking account,Payment processing,Metro Credit,TX,Web,Yes,Closed with explanation,No
2341,2024-11-05,Consumer loan,Account access,Union Lending,CA,Web,Yes,Closed with explanation,No
2342,2024-10-14,Mortgage,Account access,Capital Trust,NY,Web,Yes,Closed with explanation,No
2343,2025-02-02,Mortgage,Incorrect information,North Bank,GA,Web,Yes,Closed with explanation,No
2344,2025-06-22,Mortgage,Payment processing,North Bank,TX,Web,Yes,Closed with explanation,No
2345,2025-03-04,Debt collection,Incorrect information,Metro Credit,NY,Web,Yes,Closed with explanation,No
2346,2024-07-06,Mortgage,Account access,Capital Trust,IL,Web,No,In progress,No
2347,2024-08-26,Consumer loan,Account access,North Bank,FL,Web,Yes,Closed with explanation,No
2348,2025-07-03,Consumer loan,Payment processing,Horizon Finance,NY,Web,Yes,Closed with explanation,No
2349,2024-05-27,Credit card,Account access,Horizon Finance,IL,Web,Yes,Closed with explanation,No
2350,2025-01-03,Checking account,Incorrect information,North Bank,NC,Web,Yes,Closed with explanation,Yes
2351,2025-01-28,Checking account,Account access,North Bank,FL,Web,Yes,Closed with explanation,No
2352,2025-07-01,Checking account,Unexpected fees,North Bank,CA,Web,Yes,Closed with explanation,No
2353,2025-06-05,Checking account,Unexpected fees,North Bank,NJ,Web,Yes,Closed with explanation,No
2354,2024-12-05,Checking account,Unexpected fees,Horizon Finance,IL,Web,Yes,Closed with explanation,No
2355,2024-08-13,Mortgage,Incorrect information,Capital Trust,NY,Web,Yes,Closed with explanation,No
2356,2024-09-25,Credit card,Communication,Metro Credit,GA,Postal mail,Yes,Closed with explanation,Yes
2357,2024-10-27,Debt collection,Unexpected fees,Metro Credit,NC,Web,Yes,Closed with explanation,No
2358,2024-06-09,Checking account,Account access,Metro Credit,TX,Web,Yes,Closed with explanation,No
2359,2025-04-01,Consumer loan,Communication,Capital Trust,NJ,Web,Yes,Closed with explanation,No
2360,2024-06-01,Credit card,Unexpected fees,Capital Trust,GA,Referral,Yes,Closed with explanation,No
2361,2025-04-18,Checking account,Communication,Union Lending,IL,Postal mail,Yes,Closed with explanation,No
2362,2025-07-02,Credit card,Account access,Horizon Finance,NJ,Web,Yes,Closed with explanation,No
2363,2025-12-03,Consumer loan,Communication,North Bank,FL,Web,Yes,Closed with explanation,Yes
2364,2024-03-27,Checking account,Account access,Capital Trust,NJ,Web,Yes,Closed with explanation,No
2365,2025-07-08,Debt collection,Incorrect information,North Bank,IL,Phone,Yes,Closed with explanation,Yes
2366,2024-03-03,Checking account,Communication,North Bank,NC,Web,Yes,Closed with explanation,No
2367,2024-09-03,Mortgage,Communication,Union Lending,NY,Referral,Yes,Closed with explanation,Yes
2368,2024-05-08,Credit card,Communication,North Bank,GA,Web,No,In progress,No
2369,2024-04-28,Mortgage,Incorrect information,North Bank,NY,Web,Yes,Closed with explanation,No
2370,2024-05-08,Checking account,Communication,Horizon Finance,NY,Web,Yes,Closed with explanation,No
2371,2024-02-02,Checking account,Unexpected fees,North Bank,NY,Web,Yes,Closed with explanation,Yes
2372,2025-08-23,Credit card,Communication,Metro Credit,NC,Web,Yes,Closed with explanation,No
2373,2024-02-14,Credit card,Communication,Union Lending,NJ,Phone,Yes,Closed with explanation,No
2374,2024-10-17,Credit card,Incorrect information,North Bank,TX,Web,Yes,Closed with explanation,No
2375,2025-05-25,Debt collection,Unexpected fees,Union Lending,NJ,Web,Yes,Closed with explanation,No
2376,2025-12-23,Checking account,Unexpected fees,North Bank,IL,Phone,Yes,Closed with explanation,No
2377,2025-09-15,Credit card,Unexpected fees,Union Lending,CA,Referral,No,In progress,No
2378,2024-04-10,Debt collection,Account access,North Bank,NJ,Phone,Yes,Closed with explanation,No
2379,2025-12-22,Credit card,Account access,Union Lending,TX,Phone,Yes,Closed with explanation,No
2380,2025-04-22,Checking account,Payment processing,Union Lending,NJ,Web,Yes,Closed with explanation,No
2381,2024-05-11,Consumer loan,Payment processing,Union Lending,NY,Referral,No,In progress,Yes
2382,2024-11-23,Debt collection,Unexpected fees,Metro Credit,NC,Web,Yes,Closed with explanation,No
2383,2025-11-01,Consumer loan,Incorrect information,Metro Credit,NY,Postal mail,Yes,Closed with explanation,No
2384,2024-10-13,Checking account,Payment processing,Capital Trust,CA,Phone,Yes,Closed with explanation,No
2385,2024-05-14,Debt collection,Incorrect information,Union Lending,NJ,Web,Yes,Closed with explanation,No
2386,2025-09-30,Credit card,Incorrect information,North Bank,GA,Web,Yes,Closed with explanation,No
2387,2025-11-26,Debt collection,Payment processing,North Bank,FL,Phone,Yes,Closed with explanation,No
2388,2025-12-13,Debt collection,Unexpected fees,Metro Credit,TX,Phone,Yes,Closed with explanation,No
2389,2025-11-28,Debt collection,Incorrect information,Union Lending,NJ,Web,Yes,Closed with explanation,Yes
2390,2025-09-29,Credit card,Unexpected fees,Metro Credit,NJ,Postal mail,Yes,Closed with explanation,No
2391,2024-11-27,Credit card,Account access,Capital Trust,FL,Web,Yes,Closed with explanation,No
2392,2024-05-20,Mortgage,Communication,Horizon Finance,GA,Web,Yes,Closed with explanation,No
2393,2025-03-26,Mortgage,Communication,Capital Trust,TX,Web,No,In progress,Yes
2394,2024-06-10,Mortgage,Payment processing,Capital Trust,TX,Web,Yes,Closed with explanation,No
2395,2024-12-11,Debt collection,Communication,Horizon Finance,GA,Web,No,In progress,No
2396,2025-04-23,Mortgage,Account access,Capital Trust,NJ,Referral,Yes,Closed with explanation,No
2397,2025-11-22,Checking account,Account access,Horizon Finance,NC,Web,Yes,Closed with explanation,No
2398,2024-07-30,Checking account,Communication,North Bank,NY,Referral,No,In progress,No
2399,2024-07-02,Credit card,Unexpected fees,Metro Credit,TX,Phone,Yes,Closed with explanation,No
2400,2025-06-20,Credit card,Communication,Horizon Finance,IL,Web,Yes,Closed with explanation,No
2401,2024-01-05,Credit card,Communication,Capital Trust,GA,Referral,Yes,Closed with explanation,No
2402,2025-02-17,Debt collection,Unexpected fees,Capital Trust,NC,Phone,Yes,Closed with explanation,No
2403,2025-06-28,Consumer loan,Payment processing,North Bank,CA,Web,Yes,Closed with explanation,No
2404,2025-02-06,Mortgage,Payment processing,North Bank,GA,Web,Yes,Closed with explanation,No
2405,2024-10-07,Checking account,Payment processing,Horizon Finance,IL,Web,Yes,Closed with explanation,No
2406,2025-08-27,Mortgage,Unexpected fees,Horizon Finance,IL,Web,Yes,Closed with explanation,No
2407,2024-09-27,Debt collection,Communication,Union Lending,CA,Web,Yes,Closed with explanation,No
2408,2025-06-02,Debt collection,Account access,Metro Credit,CA,Web,Yes,Closed with explanation,No
2409,2024-12-04,Mortgage,Incorrect information,Capital Trust,IL,Postal mail,Yes,Closed with explanation,No
2410,2024-01-20,Debt collection,Incorrect information,Horizon Finance,TX,Phone,Yes,Closed with explanation,No
2411,2025-01-22,Mortgage,Payment processing,Metro Credit,IL,Phone,Yes,Closed with explanation,No
2412,2024-02-06,Checking account,Account access,Horizon Finance,CA,Postal mail,Yes,Closed with explanation,No
2413,2025-11-10,Debt collection,Incorrect information,Capital Trust,NJ,Web,Yes,Closed with explanation,No
2414,2025-03-15,Checking account,Account access,Metro Credit,FL,Web,Yes,Closed with explanation,No
2415,2024-09-28,Checking account,Account access,Horizon Finance,NY,Web,Yes,Closed with explanation,No
2416,2024-12-20,Checking account,Incorrect information,Capital Trust,FL,Web,Yes,Closed with explanation,No
2417,2025-03-28,Mortgage,Unexpected fees,North Bank,NY,Web,Yes,Closed with explanation,No
2418,2024-07-08,Mortgage,Account access,Horizon Finance,IL,Phone,Yes,Closed with explanation,No
2419,2024-07-29,Mortgage,Payment processing,Union Lending,GA,Web,Yes,Closed with explanation,No
2420,2024-11-01,Checking account,Payment processing,Capital Trust,GA,Web,Yes,Closed with explanation,No
2421,2024-07-07,Credit card,Incorrect information,North Bank,NC,Web,Yes,Closed with explanation,No
2422,2025-07-07,Debt collection,Payment processing,Union Lending,TX,Web,Yes,Closed with explanation,No
2423,2024-03-16,Checking account,Communication,Capital Trust,NJ,Web,Yes,Closed with explanation,No
2424,2025-08-26,Debt collection,Incorrect information,Metro Credit,IL,Web,Yes,Closed with explanation,Yes
2425,2024-09-11,Credit card,Communication,Union Lending,FL,Referral,Yes,Closed with explanation,Yes
2426,2025-02-13,Mortgage,Incorrect information,Horizon Finance,NC,Referral,Yes,Closed with explanation,No
2427,2024-04-25,Mortgage,Payment processing,Union Lending,GA,Web,Yes,Closed with explanation,No
2428,2024-10-08,Debt collection,Unexpected fees,Metro Credit,TX,Web,Yes,Closed with explanation,Yes
2429,2025-07-04,Credit card,Payment processing,North Bank,TX,Web,Yes,Closed with explanation,No
2430,2024-07-16,Debt collection,Communication,Capital Trust,GA,Web,Yes,Closed with explanation,No
2431,2024-04-06,Mortgage,Communication,Metro Credit,GA,Web,Yes,Closed with explanation,Yes
2432,2025-01-16,Mortgage,Communication,North Bank,CA,Web,Yes,Closed with explanation,No
2433,2024-04-28,Mortgage,Communication,Capital Trust,GA,Web,Yes,Closed with explanation,No
2434,2024-08-17,Credit card,Unexpected fees,Capital Trust,IL,Web,Yes,Closed with explanation,No
2435,2024-11-24,Mortgage,Account access,Union Lending,NC,Web,Yes,Closed with explanation,No
2436,2025-02-15,Credit card,Payment processing,Horizon Finance,GA,Referral,Yes,Closed with explanation,No
2437,2025-04-11,Checking account,Incorrect information,Metro Credit,NC,Web,Yes,Closed with explanation,No
2438,2025-05-08,Mortgage,Account access,Union Lending,CA,Web,Yes,Closed with explanation,No
2439,2025-09-08,Mortgage,Account access,Union Lending,NJ,Web,No,In progress,No
2440,2024-02-18,Credit card,Communication,Horizon Finance,FL,Referral,Yes,Closed with explanation,No
2441,2024-09-21,Credit card,Incorrect information,Union Lending,IL,Web,Yes,Closed with explanation,No
2442,2024-01-01,Credit card,Incorrect information,Horizon Finance,NC,Web,Yes,Closed with explanation,No
2443,2024-01-07,Credit card,Incorrect information,Capital Trust,NJ,Web,Yes,Closed with explanation,No
2444,2024-06-03,Mortgage,Account access,Union Lending,TX,Phone,Yes,Closed with explanation,No
2445,2025-03-12,Credit card,Account access,Metro Credit,TX,Phone,Yes,Closed with explanation,No
2446,2025-10-14,Debt collection,Account access,Union Lending,GA,Web,Yes,Closed with explanation,Yes
2447,2025-07-18,Credit card,Unexpected fees,Metro Credit,NC,Web,Yes,Closed with explanation,No
2448,2025-04-16,Credit card,Unexpected fees,Metro Credit,IL,Web,Yes,Closed with explanation,No
2449,2025-07-22,Debt collection,Account access,Capital Trust,CA,Web,Yes,Closed with explanation,No
2450,2024-05-05,Checking account,Incorrect information,Horizon Finance,TX,Web,Yes,Closed with explanation,No
2451,2025-09-05,Checking account,Payment processing,North Bank,GA,Web,Yes,Closed with explanation,Yes
2452,2025-10-11,Debt collection,Incorrect information,Metro Credit,GA,Web,Yes,Closed with explanation,No
2453,2024-03-10,Debt collection,Payment processing,Capital Trust,NC,Postal mail,No,In progress,No
2454,2024-12-09,Consumer loan,Account access,Union Lending,IL,Web,Yes,Closed with explanation,No
2455,2025-08-28,Credit card,Communication,Capital Trust,NY,Web,Yes,Closed with explanation,No
2456,2024-12-13,Mortgage,Payment processing,Horizon Finance,CA,Referral,Yes,Closed with explanation,No
2457,2025-09-05,Debt collection,Account access,North Bank,NJ,Phone,Yes,Closed with explanation,No
2458,2025-11-13,Debt collection,Payment processing,North Bank,NC,Web,Yes,Closed with explanation,No
2459,2024-12-12,Credit card,Incorrect information,North Bank,CA,Phone,Yes,Closed with explanation,No
2460,2024-02-13,Checking account,Incorrect information,Union Lending,NY,Web,Yes,Closed with explanation,No
2461,2024-09-05,Checking account,Account access,Union Lending,FL,Phone,Yes,Closed with explanation,No
2462,2024-06-06,Credit card,Communication,Horizon Finance,GA,Web,Yes,Closed with explanation,No
2463,2024-12-12,Consumer loan,Communication,Union Lending,NJ,Postal mail,Yes,Closed with explanation,No
2464,2025-03-03,Checking account,Unexpected fees,Horizon Finance,TX,Web,Yes,Closed with explanation,No
2465,2024-12-04,Checking account,Unexpected fees,Union Lending,NC,Web,Yes,Closed with explanation,Yes
2466,2024-05-22,Credit card,Communication,Union Lending,TX,Web,Yes,Closed with explanation,Yes
2467,2024-08-07,Mortgage,Account access,Horizon Finance,NJ,Web,Yes,Closed with explanation,No
2468,2025-05-11,Credit card,Incorrect information,Union Lending,GA,Web,Yes,Closed with explanation,No
2469,2024-01-20,Checking account,Unexpected fees,Metro Credit,TX,Phone,Yes,Closed with explanation,No
2470,2024-06-05,Credit card,Communication,Union Lending,GA,Web,Yes,Closed with explanation,No
2471,2025-10-13,Debt collection,Communication,Capital Trust,FL,Postal mail,Yes,Closed with explanation,No
2472,2024-03-13,Credit card,Communication,Metro Credit,FL,Web,Yes,Closed with explanation,Yes
2473,2024-10-29,Mortgage,Incorrect information,Union Lending,CA,Web,Yes,Closed with explanation,No
2474,2024-05-31,Credit card,Communication,North Bank,GA,Web,Yes,Closed with explanation,No
2475,2024-03-17,Credit card,Incorrect information,Metro Credit,NJ,Web,Yes,Closed with explanation,No
2476,2024-11-04,Credit card,Communication,Union Lending,IL,Web,No,In progress,Yes
2477,2025-01-15,Credit card,Communication,Metro Credit,NJ,Phone,Yes,Closed with explanation,No
2478,2024-05-08,Credit card,Unexpected fees,Metro Credit,FL,Web,Yes,Closed with explanation,No
2479,2024-02-26,Mortgage,Incorrect information,Metro Credit,IL,Web,Yes,Closed with explanation,No
2480,2024-04-08,Mortgage,Payment processing,North Bank,NJ,Web,Yes,Closed with explanation,No
2481,2025-04-20,Credit card,Incorrect information,Union Lending,NY,Web,Yes,Closed with explanation,No
2482,2025-09-20,Checking account,Account access,North Bank,IL,Web,Yes,Closed with explanation,Yes
2483,2024-05-11,Mortgage,Unexpected fees,Metro Credit,TX,Web,Yes,Closed with explanation,No
2484,2024-08-21,Credit card,Account access,Metro Credit,IL,Web,Yes,Closed with explanation,No
2485,2024-09-07,Checking account,Communication,Capital Trust,NJ,Referral,Yes,Closed with explanation,No
2486,2024-09-20,Credit card,Communication,Capital Trust,NJ,Web,Yes,Closed with explanation,No
2487,2024-06-27,Credit card,Account access,North Bank,FL,Web,Yes,Closed with explanation,No
2488,2024-02-10,Checking account,Unexpected fees,North Bank,IL,Web,No,In progress,No
2489,2025-01-18,Debt collection,Communication,Union Lending,IL,Web,No,In progress,No
2490,2024-09-17,Debt collection,Account access,Metro Credit,NC,Phone,No,In progress,No
2491,2024-09-06,Debt collection,Incorrect information,Union Lending,NJ,Phone,No,In progress,Yes
2492,2024-07-12,Checking account,Communication,Capital Trust,NJ,Phone,Yes,Closed with explanation,No
2493,2025-11-09,Credit card,Communication,North Bank,NJ,Phone,Yes,Closed with explanation,No
2494,2025-03-21,Checking account,Unexpected fees,Capital Trust,FL,Web,Yes,Closed with explanation,No
2495,2024-11-01,Credit card,Incorrect information,North Bank,NY,Web,Yes,Closed with explanation,No
2496,2024-05-29,Credit card,Incorrect information,Metro Credit,NY,Web,Yes,Closed with explanation,No
2497,2025-08-07,Credit card,Account access,Horizon Finance,NY,Referral,Yes,Closed with explanation,No
2498,2025-10-10,Checking account,Unexpected fees,Capital Trust,NC,Phone,Yes,Closed with explanation,No
2499,2024-01-24,Checking account,Payment processing,Horizon Finance,NC,Web,Yes,Closed with explanation,No
2500,2025-11-09,Credit card,Payment processing,North Bank,NC,Web,Yes,Closed with explanation,No
2501,2025-05-25,Consumer loan,Incorrect information,Metro Credit,IL,Web,Yes,Closed with explanation,No
2502,2024-03-13,Checking account,Communication,Union Lending,TX,Postal mail,Yes,Closed with explanation,No
2503,2025-07-03,Debt collection,Incorrect information,Horizon Finance,TX,Web,Yes,Closed with explanation,No
2504,2024-03-19,Credit card,Incorrect information,North Bank,FL,Web,Yes,Closed with explanation,Yes
2505,2024-02-07,Mortgage,Payment processing,Horizon Finance,GA,Web,Yes,Closed with explanation,No
2506,2024-03-25,Credit card,Payment processing,Horizon Finance,FL,Web,Yes,Closed with explanation,No
2507,2024-12-01,Mortgage,Communication,North Bank,GA,Web,Yes,Closed with explanation,No
2508,2025-03-28,Credit card,Account access,Metro Credit,NC,Web,No,In progress,No
2509,2024-10-24,Credit card,Account access,Capital Trust,FL,Phone,No,In progress,Yes
2510,2024-03-30,Mortgage,Payment processing,Union Lending,NC,Web,Yes,Closed with explanation,No
2511,2024-05-25,Credit card,Payment processing,North Bank,IL,Phone,No,In progress,No
2512,2025-09-14,Credit card,Payment processing,North Bank,NJ,Web,Yes,Closed with explanation,No
2513,2025-12-03,Debt collection,Unexpected fees,Metro Credit,CA,Web,No,In progress,Yes
2514,2025-07-04,Credit card,Communication,Horizon Finance,FL,Web,Yes,Closed with explanation,No
2515,2024-03-16,Mortgage,Unexpected fees,Horizon Finance,NC,Web,Yes,Closed with explanation,No
2516,2025-08-21,Mortgage,Unexpected fees,Union Lending,NC,Web,Yes,Closed with explanation,No
2517,2025-05-20,Credit card,Unexpected fees,North Bank,IL,Web,Yes,Closed with explanation,No
2518,2025-01-19,Checking account,Unexpected fees,North Bank,CA,Web,No,In progress,No
2519,2024-04-14,Credit card,Unexpected fees,Union Lending,CA,Web,No,In progress,Yes
2520,2025-12-28,Consumer loan,Account access,Capital Trust,NY,Referral,Yes,Closed with explanation,No
2521,2024-11-19,Credit card,Payment processing,North Bank,NC,Web,Yes,Closed with explanation,No
2522,2024-02-02,Credit card,Account access,Metro Credit,NY,Web,Yes,Closed with explanation,No
2523,2024-06-02,Checking account,Communication,Union Lending,NC,Web,Yes,Closed with explanation,No
2524,2024-10-19,Debt collection,Account access,North Bank,IL,Web,Yes,Closed with explanation,No
2525,2024-02-15,Consumer loan,Account access,Capital Trust,TX,Referral,Yes,Closed with explanation,No
2526,2024-08-24,Debt collection,Incorrect information,Metro Credit,IL,Web,Yes,Closed with explanation,No
2527,2024-12-07,Mortgage,Communication,Horizon Finance,FL,Postal mail,Yes,Closed with explanation,No
2528,2025-11-23,Mortgage,Incorrect information,Metro Credit,TX,Referral,Yes,Closed with explanation,No
2529,2024-03-04,Checking account,Incorrect information,Union Lending,GA,Web,Yes,Closed with explanation,No
2530,2025-02-25,Debt collection,Communication,North Bank,TX,Web,Yes,Closed with explanation,No
2531,2025-10-30,Mortgage,Account access,North Bank,NC,Phone,No,In progress,No
2532,2025-08-11,Checking account,Incorrect information,Horizon Finance,NJ,Phone,Yes,Closed with explanation,No
2533,2025-11-06,Mortgage,Account access,Capital Trust,NJ,Web,Yes,Closed with explanation,No
2534,2024-05-04,Mortgage,Account access,Union Lending,CA,Web,Yes,Closed with explanation,No
2535,2025-08-07,Credit card,Incorrect information,Union Lending,NC,Web,Yes,Closed with explanation,No
2536,2025-12-15,Checking account,Payment processing,Horizon Finance,NY,Phone,Yes,Closed with explanation,No
2537,2024-08-26,Checking account,Payment processing,North Bank,GA,Phone,Yes,Closed with explanation,No
2538,2024-12-30,Debt collection,Incorrect information,Horizon Finance,TX,Web,Yes,Closed with explanation,No
2539,2025-01-22,Checking account,Payment processing,Capital Trust,NJ,Web,Yes,Closed with explanation,No
2540,2024-12-26,Debt collection,Unexpected fees,Union Lending,FL,Phone,Yes,Closed with explanation,No
2541,2024-07-30,Checking account,Payment processing,Union Lending,GA,Postal mail,Yes,Closed with explanation,Yes
2542,2025-12-09,Consumer loan,Unexpected fees,Metro Credit,FL,Web,Yes,Closed with explanation,No
2543,2025-11-29,Credit card,Unexpected fees,Horizon Finance,NC,Web,Yes,Closed with explanation,No
2544,2024-10-04,Debt collection,Account access,Union Lending,GA,Web,Yes,Closed with explanation,No
2545,2025-08-10,Checking account,Account access,Union Lending,NY,Web,Yes,Closed with explanation,No
2546,2024-10-17,Credit card,Unexpected fees,Capital Trust,NY,Web,Yes,Closed with explanation,No
2547,2025-08-03,Credit card,Communication,Union Lending,CA,Web,Yes,Closed with explanation,No
2548,2025-03-02,Credit card,Payment processing,Metro Credit,FL,Phone,Yes,Closed with explanation,No
2549,2024-12-09,Checking account,Account access,Metro Credit,NJ,Web,Yes,Closed with explanation,No
2550,2024-04-03,Consumer loan,Unexpected fees,Union Lending,NJ,Web,Yes,Closed with explanation,No
2551,2025-04-22,Debt collection,Account access,Capital Trust,NC,Web,Yes,Closed with explanation,Yes
2552,2024-08-22,Mortgage,Incorrect information,Capital Trust,CA,Web,Yes,Closed with explanation,Yes
2553,2024-06-07,Mortgage,Communication,Union Lending,FL,Web,Yes,Closed with explanation,No
2554,2024-05-21,Checking account,Incorrect information,Horizon Finance,NJ,Web,Yes,Closed with explanation,No
2555,2025-12-17,Debt collection,Payment processing,Capital Trust,FL,Web,No,In progress,No
2556,2024-03-16,Debt collection,Unexpected fees,Capital Trust,TX,Web,Yes,Closed with explanation,No
2557,2025-08-05,Checking account,Payment processing,North Bank,FL,Referral,Yes,Closed with explanation,Yes
2558,2025-09-24,Debt collection,Unexpected fees,Metro Credit,NC,Referral,No,In progress,No
2559,2024-01-23,Checking account,Incorrect information,Metro Credit,NJ,Web,Yes,Closed with explanation,No
2560,2025-03-06,Debt collection,Communication,Horizon Finance,CA,Web,Yes,Closed with explanation,No
2561,2025-02-25,Debt collection,Payment processing,Metro Credit,NJ,Web,Yes,Closed with explanation,No
2562,2024-09-18,Consumer loan,Incorrect information,Metro Credit,IL,Phone,No,In progress,No
2563,2025-05-01,Credit card,Incorrect information,North Bank,NJ,Referral,Yes,Closed with explanation,No
2564,2024-10-25,Mortgage,Account access,North Bank,IL,Web,No,In progress,Yes
2565,2024-11-16,Credit card,Communication,Horizon Finance,GA,Web,Yes,Closed with explanation,No
2566,2024-11-11,Consumer loan,Account access,Capital Trust,IL,Web,Yes,Closed with explanation,No
2567,2025-08-07,Checking account,Incorrect information,Metro Credit,GA,Web,Yes,Closed with explanation,No
2568,2025-04-07,Consumer loan,Payment processing,Metro Credit,NJ,Web,Yes,Closed with explanation,No
2569,2024-10-03,Debt collection,Account access,Metro Credit,IL,Web,Yes,Closed with explanation,No
2570,2025-11-07,Credit card,Payment processing,Capital Trust,CA,Phone,Yes,Closed with explanation,No
2571,2025-08-08,Checking account,Unexpected fees,Union Lending,CA,Web,Yes,Closed with explanation,No
2572,2025-11-11,Mortgage,Incorrect information,Union Lending,NY,Web,Yes,Closed with explanation,No
2573,2025-06-17,Checking account,Incorrect information,North Bank,NY,Web,Yes,Closed with explanation,No
2574,2024-10-12,Credit card,Payment processing,Capital Trust,NJ,Phone,Yes,Closed with explanation,No
2575,2025-07-18,Credit card,Payment processing,North Bank,CA,Web,Yes,Closed with explanation,No
2576,2024-08-28,Checking account,Unexpected fees,Capital Trust,NC,Web,Yes,Closed with explanation,No
2577,2024-07-16,Mortgage,Incorrect information,Capital Trust,CA,Referral,Yes,Closed with explanation,No
2578,2024-11-25,Mortgage,Payment processing,Horizon Finance,NY,Web,Yes,Closed with explanation,No
2579,2025-12-08,Credit card,Incorrect information,Capital Trust,NY,Web,Yes,Closed with explanation,No
2580,2025-02-18,Checking account,Incorrect information,Capital Trust,IL,Web,Yes,Closed with explanation,No
2581,2024-10-07,Checking account,Account access,Horizon Finance,CA,Web,Yes,Closed with explanation,No
2582,2024-12-03,Checking account,Payment processing,Union Lending,NJ,Postal mail,Yes,Closed with explanation,No
2583,2024-07-31,Consumer loan,Communication,Horizon Finance,TX,Web,Yes,Closed with explanation,No
2584,2025-04-25,Checking account,Payment processing,Horizon Finance,NJ,Web,Yes,Closed with explanation,No
2585,2024-09-12,Mortgage,Communication,Metro Credit,IL,Web,Yes,Closed with explanation,No
2586,2025-02-08,Debt collection,Payment processing,Union Lending,NC,Postal mail,Yes,Closed with explanation,No
2587,2024-09-26,Mortgage,Communication,Metro Credit,NC,Referral,Yes,Closed with explanation,No
2588,2024-08-22,Mortgage,Incorrect information,North Bank,NJ,Web,Yes,Closed with explanation,No
2589,2025-12-09,Credit card,Incorrect information,Metro Credit,NY,Web,Yes,Closed with explanation,No
2590,2024-09-09,Credit card,Payment processing,North Bank,NY,Web,Yes,Closed with explanation,No
2591,2024-02-21,Credit card,Communication,Capital Trust,GA,Phone,Yes,Closed with explanation,No
2592,2024-10-03,Consumer loan,Payment processing,Metro Credit,GA,Web,Yes,Closed with explanation,No
2593,2025-01-23,Debt collection,Unexpected fees,Union Lending,NJ,Web,Yes,Closed with explanation,No
2594,2024-03-10,Credit card,Account access,Horizon Finance,NY,Web,Yes,Closed with explanation,No
2595,2024-08-11,Credit card,Incorrect information,Metro Credit,NY,Referral,Yes,Closed with explanation,No
2596,2024-05-01,Checking account,Unexpected fees,Metro Credit,CA,Web,Yes,Closed with explanation,No
2597,2024-12-31,Mortgage,Payment processing,Capital Trust,TX,Web,Yes,Closed with explanation,Yes
2598,2025-06-11,Mortgage,Incorrect information,Horizon Finance,NJ,Postal mail,Yes,Closed with explanation,No
2599,2025-12-07,Consumer loan,Account access,Horizon Finance,NC,Web,Yes,Closed with explanation,No
2600,2024-10-11,Debt collection,Unexpected fees,Union Lending,IL,Web,No,In progress,Yes
2601,2025-09-22,Checking account,Account access,Capital Trust,FL,Web,Yes,Closed with explanation,No
2602,2024-06-05,Mortgage,Payment processing,Union Lending,CA,Web,Yes,Closed with explanation,No
2603,2025-07-23,Mortgage,Communication,Horizon Finance,CA,Web,Yes,Closed with explanation,No
2604,2025-02-14,Checking account,Account access,Capital Trust,GA,Web,No,In progress,No
2605,2025-07-07,Debt collection,Communication,Capital Trust,GA,Web,Yes,Closed with explanation,No
2606,2025-07-05,Credit card,Payment processing,Capital Trust,FL,Web,No,In progress,Yes
2607,2025-01-23,Consumer loan,Communication,North Bank,TX,Referral,Yes,Closed with explanation,No
2608,2024-07-06,Consumer loan,Payment processing,Capital Trust,CA,Web,Yes,Closed with explanation,No
2609,2025-01-19,Debt collection,Account access,North Bank,GA,Phone,Yes,Closed with explanation,No
2610,2025-08-26,Mortgage,Payment processing,Union Lending,IL,Web,Yes,Closed with explanation,No
2611,2025-12-09,Checking account,Unexpected fees,Union Lending,FL,Web,Yes,Closed with explanation,No
2612,2025-11-08,Debt collection,Payment processing,Metro Credit,GA,Web,Yes,Closed with explanation,No
2613,2024-05-12,Consumer loan,Payment processing,North Bank,NJ,Web,Yes,Closed with explanation,No
2614,2025-03-12,Mortgage,Payment processing,Capital Trust,IL,Web,Yes,Closed with explanation,No
2615,2024-03-17,Consumer loan,Incorrect information,Capital Trust,FL,Web,Yes,Closed with explanation,Yes
2616,2025-05-03,Credit card,Account access,North Bank,CA,Phone,Yes,Closed with explanation,No
2617,2025-12-25,Mortgage,Payment processing,Union Lending,NJ,Referral,Yes,Closed with explanation,No
2618,2024-02-08,Debt collection,Incorrect information,North Bank,IL,Web,Yes,Closed with explanation,No
2619,2025-04-24,Checking account,Payment processing,Horizon Finance,FL,Postal mail,Yes,Closed with explanation,No
2620,2025-11-21,Checking account,Communication,Metro Credit,CA,Web,Yes,Closed with explanation,No
2621,2025-09-10,Debt collection,Account access,Union Lending,NJ,Web,Yes,Closed with explanation,Yes
2622,2024-10-13,Consumer loan,Communication,Horizon Finance,NC,Web,No,In progress,Yes
2623,2024-03-16,Debt collection,Communication,Horizon Finance,NY,Phone,Yes,Closed with explanation,Yes
2624,2025-11-05,Checking account,Account access,Union Lending,FL,Phone,Yes,Closed with explanation,No
2625,2025-11-03,Debt collection,Communication,Horizon Finance,IL,Postal mail,Yes,Closed with explanation,No
2626,2025-02-26,Credit card,Communication,North Bank,NJ,Phone,Yes,Closed with explanation,No
2627,2025-12-15,Mortgage,Incorrect information,Horizon Finance,IL,Web,Yes,Closed with explanation,Yes
2628,2024-01-04,Checking account,Communication,Union Lending,CA,Referral,Yes,Closed with explanation,No
2629,2025-03-26,Consumer loan,Incorrect information,Horizon Finance,TX,Postal mail,Yes,Closed with explanation,No
2630,2024-01-29,Debt collection,Account access,North Bank,CA,Phone,Yes,Closed with explanation,No
2631,2025-11-14,Consumer loan,Communication,North Bank,NY,Web,Yes,Closed with explanation,No
2632,2025-05-11,Mortgage,Payment processing,Metro Credit,NY,Referral,Yes,Closed with explanation,No
2633,2025-10-28,Checking account,Unexpected fees,Union Lending,IL,Web,Yes,Closed with explanation,No
2634,2025-02-14,Mortgage,Payment processing,Metro Credit,NJ,Referral,Yes,Closed with explanation,No
2635,2024-03-01,Mortgage,Unexpected fees,Capital Trust,CA,Postal mail,Yes,Closed with explanation,No
2636,2024-01-20,Credit card,Unexpected fees,Metro Credit,NC,Phone,Yes,Closed with explanation,No
2637,2024-09-01,Mortgage,Communication,Horizon Finance,FL,Web,Yes,Closed with explanation,No
2638,2025-06-26,Debt collection,Incorrect information,Union Lending,IL,Web,Yes,Closed with explanation,No
2639,2024-04-20,Consumer loan,Communication,Union Lending,TX,Postal mail,Yes,Closed with explanation,No
2640,2025-09-14,Consumer loan,Account access,North Bank,FL,Referral,Yes,Closed with explanation,Yes
2641,2024-06-23,Checking account,Incorrect information,North Bank,NJ,Phone,Yes,Closed with explanation,Yes
2642,2024-12-28,Mortgage,Payment processing,North Bank,CA,Postal mail,Yes,Closed with explanation,No
2643,2024-05-28,Credit card,Incorrect information,Capital Trust,NY,Web,Yes,Closed with explanation,No
2644,2024-12-06,Checking account,Unexpected fees,North Bank,IL,Referral,Yes,Closed with explanation,No
2645,2024-11-26,Checking account,Unexpected fees,North Bank,IL,Web,Yes,Closed with explanation,No
2646,2024-01-04,Credit card,Payment processing,Union Lending,NY,Web,Yes,Closed with explanation,No
2647,2025-02-18,Credit card,Unexpected fees,Union Lending,NY,Web,Yes,Closed with explanation,Yes
2648,2025-07-28,Consumer loan,Payment processing,Capital Trust,NC,Web,Yes,Closed with explanation,Yes
2649,2025-11-14,Checking account,Incorrect information,Metro Credit,TX,Web,Yes,Closed with explanation,No
2650,2024-08-29,Checking account,Payment processing,Union Lending,NY,Phone,Yes,Closed with explanation,No
2651,2025-10-04,Credit card,Payment processing,North Bank,FL,Web,Yes,Closed with explanation,No
2652,2025-10-03,Mortgage,Unexpected fees,Horizon Finance,NJ,Phone,Yes,Closed with explanation,No
2653,2025-12-22,Checking account,Communication,North Bank,NJ,Web,Yes,Closed with explanation,Yes
2654,2024-09-29,Checking account,Account access,Capital Trust,NJ,Referral,Yes,Closed with explanation,No
2655,2025-09-13,Mortgage,Payment processing,Horizon Finance,CA,Web,Yes,Closed with explanation,No
2656,2025-02-16,Credit card,Incorrect information,Metro Credit,CA,Phone,Yes,Closed with explanation,No
2657,2024-02-12,Debt collection,Communication,Capital Trust,NY,Web,Yes,Closed with explanation,No
2658,2024-07-16,Credit card,Unexpected fees,North Bank,NY,Web,Yes,Closed with explanation,No
2659,2025-05-05,Checking account,Payment processing,Union Lending,CA,Web,Yes,Closed with explanation,No
2660,2024-04-27,Credit card,Incorrect information,Horizon Finance,NC,Web,Yes,Closed with explanation,No
2661,2024-11-13,Mortgage,Incorrect information,Union Lending,NC,Web,Yes,Closed with explanation,No
2662,2025-07-19,Checking account,Incorrect information,Metro Credit,NY,Web,Yes,Closed with explanation,No
2663,2024-04-19,Debt collection,Communication,Capital Trust,NJ,Web,Yes,Closed with explanation,No
2664,2024-12-28,Checking account,Unexpected fees,Horizon Finance,IL,Phone,Yes,Closed with explanation,No
2665,2024-06-05,Mortgage,Communication,Horizon Finance,GA,Web,Yes,Closed with explanation,No
2666,2025-01-26,Credit card,Account access,Horizon Finance,NJ,Web,Yes,Closed with explanation,No
2667,2024-06-24,Credit card,Incorrect information,Metro Credit,CA,Web,Yes,Closed with explanation,No
2668,2025-12-05,Checking account,Account access,Metro Credit,TX,Web,Yes,Closed with explanation,No
2669,2024-02-25,Mortgage,Account access,North Bank,NY,Web,Yes,Closed with explanation,No
2670,2025-12-04,Checking account,Unexpected fees,Horizon Finance,NC,Phone,No,In progress,Yes
2671,2025-08-01,Debt collection,Payment processing,Horizon Finance,IL,Web,Yes,Closed with explanation,No
2672,2025-09-16,Consumer loan,Communication,Metro Credit,NY,Web,Yes,Closed with explanation,No
2673,2025-09-13,Debt collection,Communication,Capital Trust,CA,Web,Yes,Closed with explanation,No
2674,2024-05-16,Checking account,Account access,North Bank,IL,Web,Yes,Closed with explanation,No
2675,2025-11-10,Consumer loan,Communication,Capital Trust,FL,Phone,Yes,Closed with explanation,No
2676,2025-03-09,Mortgage,Communication,Capital Trust,FL,Web,No,In progress,No
2677,2025-12-03,Mortgage,Incorrect information,North Bank,NC,Referral,Yes,Closed with explanation,Yes
2678,2025-10-03,Debt collection,Payment processing,Union Lending,IL,Web,Yes,Closed with explanation,No
2679,2025-02-27,Mortgage,Payment processing,Metro Credit,TX,Web,Yes,Closed with explanation,No
2680,2024-09-30,Debt collection,Incorrect information,North Bank,CA,Web,Yes,Closed with explanation,No
2681,2024-03-26,Consumer loan,Payment processing,Capital Trust,NY,Referral,Yes,Closed with explanation,No
2682,2024-03-14,Credit card,Communication,North Bank,CA,Web,Yes,Closed with explanation,No
2683,2024-10-11,Consumer loan,Unexpected fees,Metro Credit,NY,Web,Yes,Closed with explanation,No
2684,2025-08-15,Checking account,Communication,North Bank,NY,Referral,Yes,Closed with explanation,Yes
2685,2025-01-03,Debt collection,Communication,North Bank,NC,Web,No,In progress,Yes
2686,2024-12-17,Debt collection,Payment processing,North Bank,FL,Web,Yes,Closed with explanation,Yes
2687,2024-06-27,Credit card,Payment processing,Capital Trust,FL,Web,Yes,Closed with explanation,No
2688,2025-02-16,Credit card,Account access,North Bank,IL,Web,Yes,Closed with explanation,No
2689,2025-04-10,Credit card,Account access,Union Lending,GA,Phone,Yes,Closed with explanation,No
2690,2025-12-17,Mortgage,Account access,North Bank,CA,Web,Yes,Closed with explanation,No
2691,2025-06-16,Credit card,Account access,Capital Trust,CA,Web,Yes,Closed with explanation,No
2692,2025-03-19,Consumer loan,Account access,Capital Trust,TX,Web,Yes,Closed with explanation,No
2693,2025-10-26,Mortgage,Communication,Union Lending,NJ,Postal mail,Yes,Closed with explanation,No
2694,2024-11-06,Debt collection,Payment processing,Capital Trust,TX,Web,Yes,Closed with explanation,No
2695,2025-11-13,Checking account,Unexpected fees,Metro Credit,NC,Web,Yes,Closed with explanation,Yes
2696,2024-09-27,Mortgage,Account access,Union Lending,NY,Referral,Yes,Closed with explanation,No
2697,2024-04-03,Credit card,Unexpected fees,Metro Credit,NC,Web,Yes,Closed with explanation,Yes
2698,2024-10-31,Debt collection,Incorrect information,Union Lending,TX,Phone,Yes,Closed with explanation,No
2699,2024-04-03,Credit card,Unexpected fees,Capital Trust,NY,Phone,Yes,Closed with explanation,No
2700,2024-03-27,Credit card,Incorrect information,Union Lending,TX,Web,Yes,Closed with explanation,No
2701,2025-10-05,Credit card,Communication,Metro Credit,NJ,Phone,Yes,Closed with explanation,No
2702,2025-08-03,Debt collection,Incorrect information,Union Lending,IL,Postal mail,Yes,Closed with explanation,No
2703,2024-06-10,Credit card,Unexpected fees,Capital Trust,CA,Web,No,In progress,No
2704,2025-09-03,Mortgage,Unexpected fees,Capital Trust,GA,Web,Yes,Closed with explanation,No
2705,2024-02-20,Consumer loan,Unexpected fees,Union Lending,NC,Referral,Yes,Closed with explanation,No
2706,2024-07-26,Consumer loan,Unexpected fees,Union Lending,GA,Web,Yes,Closed with explanation,No
2707,2025-05-30,Credit card,Payment processing,Union Lending,NJ,Web,Yes,Closed with explanation,No
2708,2024-08-09,Credit card,Communication,Union Lending,FL,Web,No,In progress,Yes
2709,2025-06-17,Checking account,Incorrect information,North Bank,NY,Referral,Yes,Closed with explanation,No
2710,2025-09-30,Credit card,Unexpected fees,Capital Trust,NJ,Phone,Yes,Closed with explanation,No
2711,2024-02-18,Consumer loan,Account access,North Bank,IL,Postal mail,Yes,Closed with explanation,Yes
2712,2024-01-18,Checking account,Unexpected fees,Horizon Finance,IL,Web,Yes,Closed with explanation,No
2713,2025-11-17,Checking account,Payment processing,Metro Credit,NJ,Postal mail,Yes,Closed with explanation,Yes
2714,2025-01-14,Credit card,Unexpected fees,Metro Credit,IL,Web,Yes,Closed with explanation,No
2715,2025-01-04,Mortgage,Account access,Metro Credit,TX,Web,Yes,Closed with explanation,No
2716,2024-12-04,Credit card,Account access,North Bank,TX,Phone,No,In progress,No
2717,2024-11-12,Consumer loan,Unexpected fees,Horizon Finance,NJ,Web,Yes,Closed with explanation,No
2718,2025-05-18,Credit card,Payment processing,Horizon Finance,TX,Web,Yes,Closed with explanation,Yes
2719,2025-02-27,Debt collection,Payment processing,Horizon Finance,GA,Web,Yes,Closed with explanation,Yes
2720,2024-04-29,Consumer loan,Account access,North Bank,NY,Web,Yes,Closed with explanation,No
2721,2025-04-02,Credit card,Account access,Union Lending,IL,Phone,Yes,Closed with explanation,No
2722,2025-05-02,Credit card,Communication,North Bank,TX,Web,Yes,Closed with explanation,No
2723,2024-03-23,Checking account,Communication,Capital Trust,FL,Phone,Yes,Closed with explanation,No
2724,2024-10-02,Credit card,Communication,North Bank,GA,Web,Yes,Closed with explanation,No
2725,2025-07-31,Credit card,Incorrect information,North Bank,TX,Web,Yes,Closed with explanation,No
2726,2025-03-27,Debt collection,Communication,Metro Credit,FL,Phone,No,In progress,No
2727,2024-04-09,Mortgage,Communication,Horizon Finance,NC,Web,No,In progress,No
2728,2024-01-30,Credit card,Communication,Capital Trust,TX,Postal mail,Yes,Closed with explanation,Yes
2729,2025-02-28,Mortgage,Payment processing,Horizon Finance,IL,Postal mail,Yes,Closed with explanation,Yes
2730,2024-12-03,Credit card,Unexpected fees,Metro Credit,TX,Web,Yes,Closed with explanation,No
2731,2025-12-02,Debt collection,Payment processing,Capital Trust,GA,Web,Yes,Closed with explanation,No
2732,2025-01-16,Credit card,Account access,Metro Credit,TX,Web,Yes,Closed with explanation,No
2733,2025-11-10,Consumer loan,Communication,Capital Trust,IL,Phone,Yes,Closed with explanation,No
2734,2024-06-05,Consumer loan,Unexpected fees,Horizon Finance,NY,Web,Yes,Closed with explanation,No
2735,2024-11-22,Credit card,Payment processing,Metro Credit,GA,Postal mail,Yes,Closed with explanation,No
2736,2024-04-11,Credit card,Payment processing,Metro Credit,CA,Postal mail,Yes,Closed with explanation,No
2737,2025-02-23,Checking account,Communication,North Bank,IL,Web,Yes,Closed with explanation,No
2738,2024-05-17,Debt collection,Incorrect information,Union Lending,IL,Phone,Yes,Closed with explanation,No
2739,2024-12-25,Mortgage,Communication,Horizon Finance,TX,Web,Yes,Closed with explanation,No
2740,2024-09-08,Mortgage,Unexpected fees,Union Lending,FL,Web,Yes,Closed with explanation,No
2741,2024-05-15,Consumer loan,Communication,Union Lending,GA,Web,Yes,Closed with explanation,No
2742,2024-03-11,Debt collection,Incorrect information,North Bank,IL,Phone,Yes,Closed with explanation,Yes
2743,2025-01-08,Checking account,Unexpected fees,Capital Trust,IL,Web,Yes,Closed with explanation,No
2744,2025-11-22,Mortgage,Payment processing,Horizon Finance,NC,Referral,Yes,Closed with explanation,No
2745,2024-05-25,Consumer loan,Account access,Union Lending,NY,Web,Yes,Closed with explanation,No
2746,2024-10-22,Credit card,Payment processing,North Bank,NJ,Web,Yes,Closed with explanation,No
2747,2024-06-12,Debt collection,Account access,Union Lending,NC,Referral,Yes,Closed with explanation,Yes
2748,2025-08-13,Credit card,Incorrect information,Union Lending,IL,Phone,Yes,Closed with explanation,No
2749,2024-10-29,Credit card,Payment processing,Metro Credit,TX,Web,Yes,Closed with explanation,Yes
2750,2025-12-12,Debt collection,Account access,Capital Trust,NY,Web,Yes,Closed with explanation,No
2751,2024-06-27,Checking account,Account access,Union Lending,CA,Web,Yes,Closed with explanation,No
2752,2024-02-28,Credit card,Unexpected fees,Capital Trust,GA,Web,Yes,Closed with explanation,No
2753,2025-03-01,Credit card,Communication,Capital Trust,FL,Postal mail,Yes,Closed with explanation,No
2754,2025-04-20,Mortgage,Payment processing,Metro Credit,NC,Web,Yes,Closed with explanation,No
2755,2025-12-24,Debt collection,Incorrect information,Capital Trust,GA,Web,Yes,Closed with explanation,No
2756,2025-09-28,Credit card,Incorrect information,Union Lending,NY,Phone,No,In progress,Yes
2757,2025-10-07,Credit card,Incorrect information,North Bank,TX,Web,Yes,Closed with explanation,No
2758,2025-04-07,Checking account,Incorrect information,Union Lending,CA,Referral,Yes,Closed with explanation,No
2759,2024-09-19,Debt collection,Payment processing,Horizon Finance,GA,Web,Yes,Closed with explanation,No
2760,2024-11-09,Checking account,Payment processing,Capital Trust,NJ,Web,No,In progress,No
2761,2024-04-07,Debt collection,Account access,North Bank,FL,Web,Yes,Closed with explanation,No
2762,2024-11-10,Debt collection,Account access,Metro Credit,CA,Web,Yes,Closed with explanation,No
2763,2024-09-23,Checking account,Communication,Metro Credit,FL,Postal mail,Yes,Closed with explanation,Yes
2764,2024-01-27,Debt collection,Communication,Horizon Finance,NJ,Web,No,In progress,Yes
2765,2024-05-29,Consumer loan,Account access,Union Lending,IL,Web,Yes,Closed with explanation,No
2766,2025-01-25,Mortgage,Account access,Metro Credit,CA,Web,No,In progress,No
2767,2024-09-26,Checking account,Account access,Union Lending,CA,Web,Yes,Closed with explanation,No
2768,2025-12-26,Debt collection,Communication,North Bank,CA,Web,Yes,Closed with explanation,No
2769,2024-12-15,Consumer loan,Payment processing,Metro Credit,NJ,Web,Yes,Closed with explanation,No
2770,2025-11-30,Consumer loan,Unexpected fees,Union Lending,NJ,Web,Yes,Closed with explanation,No
2771,2025-04-27,Debt collection,Communication,Metro Credit,NY,Referral,Yes,Closed with explanation,No
2772,2024-01-30,Checking account,Unexpected fees,Horizon Finance,GA,Web,Yes,Closed with explanation,No
2773,2024-05-28,Debt collection,Payment processing,Union Lending,CA,Web,No,In progress,No
2774,2025-05-30,Debt collection,Communication,Metro Credit,IL,Web,Yes,Closed with explanation,No
2775,2025-02-01,Credit card,Communication,Capital Trust,FL,Phone,Yes,Closed with explanation,No
2776,2024-08-08,Credit card,Incorrect information,Capital Trust,NJ,Web,Yes,Closed with explanation,No
2777,2025-01-16,Checking account,Unexpected fees,Capital Trust,NY,Web,Yes,Closed with explanation,No
2778,2025-10-21,Debt collection,Payment processing,Horizon Finance,NJ,Web,Yes,Closed with explanation,No
2779,2024-10-10,Checking account,Incorrect information,Metro Credit,IL,Web,Yes,Closed with explanation,Yes
2780,2024-02-02,Consumer loan,Incorrect information,Capital Trust,NY,Web,Yes,Closed with explanation,No
2781,2024-08-15,Credit card,Unexpected fees,Union Lending,NC,Web,Yes,Closed with explanation,No
2782,2025-11-14,Checking account,Account access,Union Lending,NC,Referral,Yes,Closed with explanation,No
2783,2025-07-10,Mortgage,Incorrect information,North Bank,NY,Web,Yes,Closed with explanation,No
2784,2025-09-03,Credit card,Incorrect information,Capital Trust,FL,Postal mail,Yes,Closed with explanation,No
2785,2025-10-27,Debt collection,Unexpected fees,Horizon Finance,GA,Web,Yes,Closed with explanation,No
2786,2024-03-26,Credit card,Account access,Union Lending,TX,Web,Yes,Closed with explanation,No
2787,2024-07-25,Debt collection,Account access,Capital Trust,NY,Web,Yes,Closed with explanation,No
2788,2024-02-13,Credit card,Payment processing,North Bank,NJ,Web,Yes,Closed with explanation,No
2789,2024-01-04,Debt collection,Communication,North Bank,NC,Referral,Yes,Closed with explanation,No
2790,2025-09-01,Mortgage,Incorrect information,North Bank,NY,Web,Yes,Closed with explanation,No
2791,2025-11-14,Credit card,Payment processing,Union Lending,NY,Referral,Yes,Closed with explanation,No
2792,2024-04-23,Credit card,Incorrect information,Capital Trust,NJ,Web,Yes,Closed with explanation,No
2793,2025-06-11,Credit card,Unexpected fees,North Bank,TX,Web,Yes,Closed with explanation,No
2794,2025-01-25,Mortgage,Unexpected fees,North Bank,CA,Web,Yes,Closed with explanation,No
2795,2024-02-20,Debt collection,Payment processing,Horizon Finance,CA,Phone,Yes,Closed with explanation,Yes
2796,2025-10-30,Checking account,Unexpected fees,Metro Credit,CA,Web,Yes,Closed with explanation,No
2797,2025-09-28,Checking account,Communication,North Bank,NC,Postal mail,Yes,Closed with explanation,No
2798,2025-02-18,Mortgage,Unexpected fees,Union Lending,CA,Web,No,In progress,No
2799,2025-05-31,Mortgage,Communication,Capital Trust,FL,Web,Yes,Closed with explanation,No
2800,2024-10-16,Consumer loan,Communication,Metro Credit,IL,Phone,Yes,Closed with explanation,No
2801,2025-08-01,Checking account,Account access,North Bank,IL,Web,Yes,Closed with explanation,No
2802,2024-11-20,Consumer loan,Incorrect information,Metro Credit,NJ,Referral,Yes,Closed with explanation,No
2803,2025-12-23,Debt collection,Payment processing,North Bank,NC,Web,Yes,Closed with explanation,No
2804,2024-02-16,Checking account,Account access,Horizon Finance,NY,Phone,Yes,Closed with explanation,No
2805,2024-05-05,Credit card,Unexpected fees,North Bank,TX,Web,Yes,Closed with explanation,No
2806,2025-12-08,Credit card,Account access,Metro Credit,CA,Postal mail,Yes,Closed with explanation,No
2807,2024-07-29,Mortgage,Unexpected fees,North Bank,NC,Web,No,In progress,No
2808,2024-08-14,Checking account,Unexpected fees,Union Lending,FL,Referral,Yes,Closed with explanation,No
2809,2025-07-31,Debt collection,Communication,Horizon Finance,NC,Web,No,In progress,No
2810,2024-05-18,Mortgage,Unexpected fees,North Bank,FL,Phone,Yes,Closed with explanation,No
2811,2025-01-09,Mortgage,Account access,North Bank,NJ,Referral,Yes,Closed with explanation,Yes
2812,2024-07-27,Consumer loan,Payment processing,Horizon Finance,GA,Referral,Yes,Closed with explanation,No
2813,2024-05-24,Credit card,Unexpected fees,Horizon Finance,GA,Web,Yes,Closed with explanation,No
2814,2025-12-04,Debt collection,Payment processing,North Bank,GA,Web,Yes,Closed with explanation,No
2815,2024-05-25,Credit card,Communication,Metro Credit,FL,Referral,Yes,Closed with explanation,No
2816,2024-03-09,Mortgage,Communication,Union Lending,CA,Web,Yes,Closed with explanation,No
2817,2025-05-06,Debt collection,Incorrect information,Horizon Finance,CA,Web,Yes,Closed with explanation,No
2818,2025-09-25,Consumer loan,Account access,North Bank,NY,Web,Yes,Closed with explanation,No
2819,2024-04-03,Debt collection,Incorrect information,Metro Credit,NC,Web,Yes,Closed with explanation,No
2820,2025-05-31,Checking account,Payment processing,North Bank,GA,Web,Yes,Closed with explanation,No
2821,2025-01-29,Debt collection,Unexpected fees,Capital Trust,GA,Phone,No,In progress,No
2822,2025-08-28,Mortgage,Communication,Capital Trust,FL,Web,No,In progress,No
2823,2024-04-02,Mortgage,Incorrect information,Metro Credit,NY,Web,Yes,Closed with explanation,No
2824,2025-12-13,Credit card,Communication,Metro Credit,NY,Referral,Yes,Closed with explanation,No
2825,2025-03-27,Credit card,Unexpected fees,North Bank,TX,Web,Yes,Closed with explanation,No
2826,2025-09-06,Mortgage,Communication,Union Lending,IL,Referral,Yes,Closed with explanation,Yes
2827,2024-09-21,Credit card,Incorrect information,Capital Trust,FL,Web,Yes,Closed with explanation,No
2828,2025-11-19,Consumer loan,Unexpected fees,Metro Credit,NY,Web,Yes,Closed with explanation,No
2829,2025-04-02,Debt collection,Unexpected fees,Union Lending,IL,Web,Yes,Closed with explanation,No
2830,2024-04-02,Debt collection,Communication,Metro Credit,CA,Web,Yes,Closed with explanation,No
2831,2025-11-04,Credit card,Payment processing,Capital Trust,NC,Phone,Yes,Closed with explanation,No
2832,2025-08-03,Debt collection,Communication,Metro Credit,TX,Web,Yes,Closed with explanation,No
2833,2024-08-07,Credit card,Account access,North Bank,GA,Web,Yes,Closed with explanation,No
2834,2025-02-02,Checking account,Payment processing,Capital Trust,NJ,Web,Yes,Closed with explanation,Yes
2835,2024-10-10,Debt collection,Payment processing,Capital Trust,TX,Web,Yes,Closed with explanation,No
2836,2025-01-31,Credit card,Payment processing,Metro Credit,TX,Referral,Yes,Closed with explanation,No
2837,2025-12-05,Credit card,Communication,Capital Trust,NY,Web,Yes,Closed with explanation,No
2838,2025-10-18,Credit card,Communication,Metro Credit,NJ,Web,Yes,Closed with explanation,No
2839,2024-06-06,Mortgage,Account access,Metro Credit,GA,Web,Yes,Closed with explanation,No
2840,2025-12-10,Debt collection,Account access,Horizon Finance,NY,Phone,Yes,Closed with explanation,No
2841,2024-11-15,Credit card,Payment processing,Union Lending,NJ,Web,Yes,Closed with explanation,No
2842,2025-05-29,Credit card,Payment processing,Metro Credit,NY,Web,Yes,Closed with explanation,No
2843,2025-07-11,Mortgage,Communication,Union Lending,NC,Phone,Yes,Closed with explanation,Yes
2844,2024-12-18,Credit card,Payment processing,Union Lending,NJ,Web,No,In progress,No
2845,2024-11-29,Consumer loan,Communication,North Bank,TX,Phone,Yes,Closed with explanation,No
2846,2024-11-29,Debt collection,Payment processing,Capital Trust,NY,Web,Yes,Closed with explanation,No
2847,2025-09-21,Consumer loan,Communication,North Bank,CA,Referral,Yes,Closed with explanation,No
2848,2024-10-09,Debt collection,Payment processing,Horizon Finance,TX,Web,Yes,Closed with explanation,No
2849,2024-07-23,Mortgage,Communication,Horizon Finance,CA,Web,Yes,Closed with explanation,No
2850,2024-09-20,Debt collection,Incorrect information,Horizon Finance,CA,Web,No,In progress,No
2851,2024-05-22,Credit card,Communication,North Bank,CA,Web,No,In progress,Yes
2852,2024-10-12,Credit card,Unexpected fees,Metro Credit,GA,Web,Yes,Closed with explanation,No
2853,2024-03-24,Mortgage,Payment processing,North Bank,NY,Web,Yes,Closed with explanation,No
2854,2024-03-06,Credit card,Unexpected fees,Capital Trust,NY,Web,Yes,Closed with explanation,No
2855,2025-06-12,Debt collection,Account access,North Bank,NJ,Phone,Yes,Closed with explanation,No
2856,2024-02-26,Consumer loan,Payment processing,Horizon Finance,NJ,Web,Yes,Closed with explanation,No
2857,2025-02-18,Debt collection,Account access,Metro Credit,IL,Phone,Yes,Closed with explanation,No
2858,2025-07-23,Checking account,Payment processing,North Bank,NY,Web,Yes,Closed with explanation,No
2859,2025-06-12,Checking account,Incorrect information,Metro Credit,GA,Web,Yes,Closed with explanation,No
2860,2024-11-21,Consumer loan,Communication,Capital Trust,NY,Phone,Yes,Closed with explanation,No
2861,2024-05-21,Credit card,Account access,Horizon Finance,NY,Referral,Yes,Closed with explanation,No
2862,2025-11-10,Mortgage,Payment processing,Capital Trust,FL,Phone,Yes,Closed with explanation,No
2863,2025-09-01,Mortgage,Unexpected fees,Capital Trust,TX,Web,Yes,Closed with explanation,No
2864,2025-03-22,Debt collection,Account access,Horizon Finance,TX,Web,Yes,Closed with explanation,No
2865,2024-03-04,Consumer loan,Account access,Capital Trust,GA,Referral,Yes,Closed with explanation,Yes
2866,2024-01-26,Credit card,Incorrect information,Metro Credit,NJ,Web,Yes,Closed with explanation,No
2867,2024-08-18,Checking account,Account access,Horizon Finance,NY,Web,Yes,Closed with explanation,No
2868,2024-04-24,Mortgage,Payment processing,Union Lending,CA,Web,Yes,Closed with explanation,No
2869,2025-09-20,Credit card,Communication,Horizon Finance,IL,Phone,Yes,Closed with explanation,No
2870,2024-05-30,Checking account,Communication,Capital Trust,NC,Phone,Yes,Closed with explanation,No
2871,2024-07-25,Checking account,Unexpected fees,North Bank,IL,Referral,Yes,Closed with explanation,No
2872,2025-12-13,Credit card,Payment processing,Horizon Finance,CA,Referral,Yes,Closed with explanation,Yes
2873,2025-08-20,Mortgage,Incorrect information,Union Lending,CA,Web,Yes,Closed with explanation,No
2874,2024-06-08,Credit card,Communication,Metro Credit,IL,Web,Yes,Closed with explanation,No
2875,2024-10-06,Mortgage,Communication,Capital Trust,NJ,Web,Yes,Closed with explanation,No
2876,2025-01-11,Credit card,Communication,Metro Credit,CA,Web,Yes,Closed with explanation,No
2877,2025-04-29,Consumer loan,Account access,Metro Credit,NJ,Web,No,In progress,No
2878,2025-11-14,Credit card,Unexpected fees,Metro Credit,NJ,Referral,Yes,Closed with explanation,No
2879,2025-09-27,Debt collection,Payment processing,Union Lending,CA,Web,Yes,Closed with explanation,No
2880,2025-12-14,Credit card,Payment processing,North Bank,TX,Web,Yes,Closed with explanation,Yes
2881,2024-01-30,Mortgage,Unexpected fees,North Bank,CA,Web,Yes,Closed with explanation,No
2882,2024-06-21,Checking account,Account access,Union Lending,IL,Web,Yes,Closed with explanation,No
2883,2025-02-14,Credit card,Payment processing,Metro Credit,TX,Web,Yes,Closed with explanation,Yes
2884,2024-02-05,Checking account,Account access,North Bank,NC,Web,No,In progress,No
2885,2024-09-16,Debt collection,Unexpected fees,Metro Credit,CA,Web,No,In progress,No
2886,2024-04-22,Debt collection,Unexpected fees,Metro Credit,GA,Web,Yes,Closed with explanation,No
2887,2025-11-12,Checking account,Account access,North Bank,NJ,Phone,Yes,Closed with explanation,No
2888,2024-02-16,Credit card,Unexpected fees,Capital Trust,TX,Phone,Yes,Closed with explanation,No
2889,2024-04-18,Consumer loan,Unexpected fees,North Bank,FL,Referral,No,In progress,Yes
2890,2024-05-22,Mortgage,Incorrect information,Horizon Finance,NJ,Web,Yes,Closed with explanation,No
2891,2024-04-18,Credit card,Unexpected fees,Metro Credit,CA,Web,Yes,Closed with explanation,No
2892,2025-02-19,Consumer loan,Payment processing,Metro Credit,NY,Web,No,In progress,No
2893,2024-09-22,Mortgage,Unexpected fees,North Bank,FL,Postal mail,Yes,Closed with explanation,No
2894,2025-10-28,Mortgage,Incorrect information,Capital Trust,CA,Web,Yes,Closed with explanation,No
2895,2024-07-09,Checking account,Communication,Capital Trust,NY,Web,Yes,Closed with explanation,No
2896,2025-01-27,Checking account,Account access,North Bank,NY,Postal mail,Yes,Closed with explanation,No
2897,2025-04-26,Credit card,Account access,North Bank,FL,Postal mail,Yes,Closed with explanation,Yes
2898,2025-04-01,Consumer loan,Account access,Capital Trust,NJ,Web,Yes,Closed with explanation,No
2899,2025-08-04,Credit card,Account access,Horizon Finance,CA,Phone,Yes,Closed with explanation,No
2900,2024-05-27,Consumer loan,Account access,North Bank,NY,Web,Yes,Closed with explanation,No
2901,2025-01-05,Consumer loan,Payment processing,North Bank,TX,Web,Yes,Closed with explanation,No
2902,2025-08-07,Consumer loan,Communication,Horizon Finance,NJ,Web,Yes,Closed with explanation,No
2903,2025-09-22,Credit card,Communication,Horizon Finance,IL,Postal mail,Yes,Closed with explanation,No
2904,2025-03-26,Checking account,Account access,Union Lending,GA,Web,Yes,Closed with explanation,No
2905,2025-04-20,Checking account,Unexpected fees,North Bank,CA,Phone,Yes,Closed with explanation,No
2906,2025-09-22,Mortgage,Incorrect information,Metro Credit,NY,Web,No,In progress,Yes
2907,2025-04-01,Debt collection,Account access,Metro Credit,CA,Web,Yes,Closed with explanation,No
2908,2025-11-23,Checking account,Communication,Horizon Finance,FL,Web,Yes,Closed with explanation,No
2909,2024-04-03,Debt collection,Unexpected fees,Metro Credit,NC,Phone,Yes,Closed with explanation,No
2910,2024-09-10,Credit card,Communication,Metro Credit,GA,Referral,Yes,Closed with explanation,No
2911,2024-03-22,Checking account,Payment processing,Capital Trust,CA,Phone,Yes,Closed with explanation,No
2912,2024-03-07,Credit card,Payment processing,Horizon Finance,FL,Phone,Yes,Closed with explanation,Yes
2913,2024-12-10,Consumer loan,Account access,Horizon Finance,NJ,Web,Yes,Closed with explanation,No
2914,2024-06-13,Credit card,Payment processing,North Bank,TX,Postal mail,Yes,Closed with explanation,No
2915,2024-10-24,Credit card,Incorrect information,North Bank,NJ,Web,Yes,Closed with explanation,No
2916,2024-11-15,Consumer loan,Incorrect information,Union Lending,FL,Web,Yes,Closed with explanation,No
2917,2025-03-29,Mortgage,Incorrect information,Capital Trust,NY,Web,Yes,Closed with explanation,No
2918,2025-11-21,Credit card,Payment processing,Horizon Finance,NC,Web,Yes,Closed with explanation,Yes
2919,2025-09-12,Credit card,Account access,North Bank,GA,Web,Yes,Closed with explanation,Yes
2920,2024-10-03,Mortgage,Unexpected fees,Horizon Finance,FL,Web,Yes,Closed with explanation,No
2921,2024-08-25,Checking account,Incorrect information,Metro Credit,CA,Web,Yes,Closed with explanation,No
2922,2025-07-16,Credit card,Account access,North Bank,TX,Referral,Yes,Closed with explanation,No
2923,2024-03-31,Mortgage,Unexpected fees,North Bank,NY,Referral,Yes,Closed with explanation,No
2924,2025-01-29,Credit card,Incorrect information,Horizon Finance,TX,Web,Yes,Closed with explanation,No
2925,2024-11-04,Mortgage,Incorrect information,Horizon Finance,NC,Postal mail,Yes,Closed with explanation,No
2926,2024-05-13,Checking account,Payment processing,Horizon Finance,CA,Web,Yes,Closed with explanation,No
2927,2025-03-26,Credit card,Payment processing,Union Lending,IL,Web,Yes,Closed with explanation,No
2928,2024-08-22,Credit card,Unexpected fees,Metro Credit,NC,Referral,Yes,Closed with explanation,No
2929,2024-05-15,Credit card,Account access,Metro Credit,FL,Web,Yes,Closed with explanation,No
2930,2025-04-21,Credit card,Unexpected fees,Union Lending,IL,Phone,Yes,Closed with explanation,No
2931,2024-05-07,Checking account,Account access,North Bank,CA,Web,Yes,Closed with explanation,Yes
2932,2025-05-06,Debt collection,Incorrect information,North Bank,GA,Web,Yes,Closed with explanation,No
2933,2024-04-28,Debt collection,Communication,Capital Trust,NC,Web,Yes,Closed with explanation,No
2934,2024-11-13,Checking account,Payment processing,Metro Credit,NJ,Postal mail,Yes,Closed with explanation,No
2935,2025-08-12,Mortgage,Communication,North Bank,TX,Web,No,In progress,Yes
2936,2024-06-15,Mortgage,Unexpected fees,Union Lending,FL,Web,Yes,Closed with explanation,No
2937,2025-07-14,Debt collection,Communication,Horizon Finance,GA,Web,No,In progress,Yes
2938,2025-06-10,Credit card,Account access,North Bank,NJ,Web,Yes,Closed with explanation,No
2939,2025-10-20,Checking account,Incorrect information,Capital Trust,NY,Web,Yes,Closed with explanation,No
2940,2024-05-03,Checking account,Unexpected fees,Metro Credit,NC,Phone,Yes,Closed with explanation,No
2941,2025-06-06,Credit card,Communication,Union Lending,TX,Web,Yes,Closed with explanation,No
2942,2025-11-14,Checking account,Payment processing,Union Lending,GA,Web,Yes,Closed with explanation,No
2943,2025-07-11,Debt collection,Payment processing,Capital Trust,NY,Web,Yes,Closed with explanation,No
2944,2024-05-17,Debt collection,Unexpected fees,Union Lending,GA,Web,No,In progress,No
2945,2025-08-23,Credit card,Payment processing,Union Lending,IL,Phone,No,In progress,No
2946,2024-03-19,Checking account,Communication,North Bank,NY,Referral,Yes,Closed with explanation,Yes
2947,2025-03-05,Checking account,Incorrect information,Capital Trust,NJ,Web,Yes,Closed with explanation,No
2948,2024-12-29,Checking account,Unexpected fees,North Bank,NJ,Web,Yes,Closed with explanation,Yes
2949,2025-01-22,Mortgage,Incorrect information,Metro Credit,NJ,Web,Yes,Closed with explanation,Yes
2950,2025-01-14,Credit card,Incorrect information,Horizon Finance,CA,Referral,Yes,Closed with explanation,No
2951,2024-01-23,Debt collection,Communication,Metro Credit,NY,Postal mail,Yes,Closed with explanation,No
2952,2025-01-05,Debt collection,Unexpected fees,Horizon Finance,GA,Phone,Yes,Closed with explanation,No
2953,2025-11-14,Mortgage,Incorrect information,North Bank,NJ,Web,Yes,Closed with explanation,No
2954,2024-11-14,Mortgage,Incorrect information,Horizon Finance,FL,Web,Yes,Closed with explanation,No
2955,2024-07-21,Mortgage,Communication,Metro Credit,GA,Postal mail,Yes,Closed with explanation,No
2956,2025-12-27,Checking account,Account access,Union Lending,IL,Web,Yes,Closed with explanation,No
2957,2024-03-13,Credit card,Payment processing,Horizon Finance,TX,Phone,Yes,Closed with explanation,No
2958,2024-12-20,Mortgage,Unexpected fees,Union Lending,NC,Postal mail,Yes,Closed with explanation,No
2959,2025-01-09,Credit card,Payment processing,North Bank,NY,Phone,Yes,Closed with explanation,No
2960,2024-12-14,Debt collection,Communication,Capital Trust,IL,Web,Yes,Closed with explanation,No
2961,2025-11-03,Checking account,Payment processing,Metro Credit,FL,Web,Yes,Closed with explanation,No
2962,2024-11-03,Checking account,Account access,Metro Credit,CA,Referral,Yes,Closed with explanation,No
2963,2025-12-11,Checking account,Unexpected fees,Horizon Finance,NY,Web,No,In progress,Yes
2964,2024-02-18,Debt collection,Unexpected fees,North Bank,GA,Referral,Yes,Closed with explanation,No
2965,2025-06-19,Credit card,Account access,Capital Trust,FL,Web,Yes,Closed with explanation,No
2966,2025-03-08,Credit card,Account access,Metro Credit,NC,Phone,No,In progress,No
2967,2024-06-24,Credit card,Incorrect information,Capital Trust,NJ,Referral,Yes,Closed with explanation,No
2968,2024-06-15,Mortgage,Incorrect information,North Bank,GA,Web,Yes,Closed with explanation,No
2969,2025-06-09,Debt collection,Account access,Capital Trust,NJ,Web,Yes,Closed with explanation,No
2970,2025-04-10,Credit card,Incorrect information,Metro Credit,NJ,Web,Yes,Closed with explanation,No
2971,2025-03-22,Debt collection,Account access,Union Lending,GA,Phone,Yes,Closed with explanation,No
2972,2024-02-07,Checking account,Unexpected fees,Capital Trust,NJ,Web,Yes,Closed with explanation,No
2973,2025-03-12,Mortgage,Unexpected fees,North Bank,GA,Web,Yes,Closed with explanation,No
2974,2025-12-17,Credit card,Incorrect information,Metro Credit,NJ,Referral,Yes,Closed with explanation,No
2975,2024-01-13,Mortgage,Account access,Capital Trust,CA,Referral,Yes,Closed with explanation,No
2976,2024-12-08,Mortgage,Incorrect information,North Bank,FL,Referral,Yes,Closed with explanation,Yes
2977,2024-12-26,Mortgage,Payment processing,North Bank,NC,Web,Yes,Closed with explanation,No
2978,2025-10-16,Credit card,Communication,Horizon Finance,NY,Postal mail,Yes,Closed with explanation,No
2979,2024-07-25,Debt collection,Communication,North Bank,CA,Referral,Yes,Closed with explanation,No
2980,2024-12-13,Debt collection,Payment processing,Capital Trust,NJ,Web,Yes,Closed with explanation,No
2981,2025-06-07,Checking account,Communication,Capital Trust,GA,Postal mail,Yes,Closed with explanation,No
2982,2024-02-14,Mortgage,Communication,North Bank,NC,Web,Yes,Closed with explanation,Yes
2983,2025-08-07,Consumer loan,Payment processing,North Bank,CA,Referral,Yes,Closed with explanation,No
2984,2025-08-23,Credit card,Unexpected fees,Union Lending,TX,Phone,Yes,Closed with explanation,No
2985,2025-06-09,Debt collection,Account access,Horizon Finance,IL,Web,Yes,Closed with explanation,No
2986,2025-04-18,Checking account,Communication,Capital Trust,TX,Web,Yes,Closed with explanation,No
2987,2025-06-29,Consumer loan,Payment processing,Capital Trust,IL,Web,Yes,Closed with explanation,No
2988,2025-07-24,Credit card,Unexpected fees,Horizon Finance,FL,Web,No,In progress,Yes
2989,2025-10-21,Checking account,Incorrect information,Metro Credit,TX,Phone,Yes,Closed with explanation,No
2990,2024-11-08,Mortgage,Incorrect information,Union Lending,NJ,Referral,No,In progress,No
2991,2024-11-28,Mortgage,Unexpected fees,Union Lending,CA,Web,Yes,Closed with explanation,No
2992,2025-04-10,Debt collection,Communication,Horizon Finance,NJ,Web,Yes,Closed with explanation,No
2993,2024-05-20,Debt collection,Account access,Metro Credit,TX,Phone,Yes,Closed with explanation,No
2994,2025-09-17,Credit card,Incorrect information,Metro Credit,IL,Web,Yes,Closed with explanation,No
2995,2025-07-16,Checking account,Communication,Horizon Finance,NC,Web,Yes,Closed with explanation,No
2996,2025-04-05,Checking account,Account access,Horizon Finance,CA,Web,Yes,Closed with explanation,No
2997,2024-08-08,Checking account,Unexpected fees,Horizon Finance,NC,Web,Yes,Closed with explanation,No
2998,2024-09-10,Mortgage,Communication,North Bank,FL,Web,Yes,Closed with explanation,No
2999,2024-11-13,Debt collection,Unexpected fees,Capital Trust,GA,Referral,Yes,Closed with explanation,No
3000,2025-04-28,Consumer loan,Payment processing,Union Lending,NJ,Web,No,In progress,No
